อาจารย์สอนก็ไม่ค่อยรู้เรื่อง,ด้านการเรียนการสอน
อาจารย์ดี,ด้านการเรียนการสอน
สอนก็เหมือนไม่สอน สอนไปก็ไม่เข้าใจอยู่ดี,ด้านการเรียนการสอน
โย่วสอนบ้างเถอเชื่อดิสั่งแต่งาน,ด้านการเรียนการสอน
สอนดี อาจารย์สอนสนุก,ด้านการเรียนการสอน
สั่งงาน ทั้งๆที่ไม่สอน,ด้านการเรียนการสอน
เรียนดีเลยอ่ะ  ดีแล้วที่ยังไม่ตายยยย,ด้านการเรียนการสอน
ครูวิทย์อะ สอนเหมือนไม่สอน,ด้านการเรียนการสอน
อาจารย์สอนไม่รู้เรื่อง เอาแต่ใจไม่ฟังเด็ก ,ด้านการเรียนการสอน
อาจารย์​บางท่านเอาอารมณ์​มาลงที่เด็กเกินไป หงุดหงิดอะไรก็ไม่รู้ แต่ทำไมเวลาสอนดันมาใส่อารมณ์​หงุดหงิดที่เด็กทั้งที่เด็กไม่ได้ทำอะไรเลย  ,ด้านการเรียนการสอน
เรียนแบบพี่น้อง กาสะลองกับสองปีบ,ด้านการเรียนการสอน
ครูสอนไม่เข้าใจ ,ด้านการเรียนการสอน
ให้งานเยอะมากๆแม้เวลาจะใกล้สอบก็ให้ บางครั้งก็มาปุปปัปสอบไม่บอกล่วงหน้า บอกเข้าใจเด็กมีโครงงานงานเยอะแล้วนะแต่ก็ให้การบ้านมาเพิ่มอยู่ดี,ด้านการเรียนการสอน
สอนเร็วแล้วเด็กก็ไม่เข้าใจพอสอบไม่ได้ก็โดนด่่า,ด้านการเรียนการสอน
สอนไม่เข้าใจเลอ ไปไวมากแม่,ด้านการเรียนการสอน
#อาจารจ์ท่านหนึ่งที่เอาสไลด์มาสอน ไม่รู้เรื่องเลยจ้า ,ด้านการเรียนการสอน
พูดได้ไหมพี่จี้ #อาจารย์ท่านหนึ่ง คือบ่ได้เลอออ สอนไปกระซิบไป เกือบเรียนไม่รู้เรื่อง,ด้านการเรียนการสอน
สงสัยแต่ถามไม่ได้ ตามไม่ทัน ถถถถ,ด้านการเรียนการสอน
อาจารย์ชอบแตะเนื้อต้องตัว,ด้านการเรียนการสอน
ไม่รู้ว่าแอร์เย็น อาจารย์สอนช้า หรือเรา ง่วง บางคาบก็เรียนรู้เรื่องบางคาบก็ไม่รู้เรื่อง 5555555,ด้านการเรียนการสอน
ยิ่งเรียนยิ่งโง่,ด้านการเรียนการสอน
ย๊าส์ หัสจะปวดมากๆ ฉันโง่หรือสอนไม่รุ้เรื่อง,ด้านการเรียนการสอน
สอนไม่รู้เรื่อง,ด้านการเรียนการสอน
แล้วแต่วิชาและอาจารย์ส่วนมากก็คงเบื่อ อยากถามตัวเองเหมือนกันว่าเรียนไปทำไม?,ด้านการเรียนการสอน
ไปก็เหมือนไม่ได้เรียน ไปก็ได้ไม่ไปก็ได้แล้วเเต่  แต่ต้องไปปปปปปปป,ด้านการเรียนการสอน
สอนเข้าใจดี ดีมาก ดีกว่าสอนออนไลน์,ด้านการเรียนการสอน
สอนไม่รู้เรื่องเท่าไหร่ สั่งงานก็บ่อย,ด้านการเรียนการสอน
ไม่ได้สอนเลย นึกว่าคาบว่าง,ด้านการเรียนการสอน
เบื่อการสอนไปก็จะหลับไป,ด้านการเรียนการสอน
เรียนไม่รู้เรื่องเลย,ด้านการเรียนการสอน
มีคาบเรียนแต่ไม่สอน,ด้านการเรียนการสอน
ไม่มีคนสอน มีแต่คนบ่น,ด้านการเรียนการสอน
เบื่อมาก สอนไปก็จะหลับไป,ด้านการเรียนการสอน
สอนไม่ไปไหน สอนซ้ำวนไปมา สอนน่าเบื่อ,ด้านการเรียนการสอน
สอนตามตำรา ไม่มีการออกนอกตำรา วนซ้ำ มันไปไม่สุด,ด้านการเรียนการสอน
บางคนก็สอนดี บางคนก็เหมือนไม่สอน,ด้านการเรียนการสอน
อาจารย์สอนไม่รู้เรื่อง น่าเบื่อ สอนเร็วขอทำข้อสอบไม่ได้บ่น เอาแต่ใจตัวเอง,ด้านการเรียนการสอน
อาจารย์​บางท่านหงุดหงิดอะไรไม่รู้​แต่มาใส่อารามณ์​มาลงกับเด็กแทน ทั้งที่เด็กไม่ได้ทำอะไรเลย,ด้านการเรียนการสอน
สอนน่าเบื่ออออออออออ,ด้านการเรียนการสอน
ครูสอนไม่รู้เรื่องสั่งการบ้านเยอะวีนใส่เด็ก,ด้านการเรียนการสอน
ไม่รู้ครับ เรื่อย ๆ,ด้านการเรียนการสอน
นักเรียนจะสอนใจเรียนหรือไม่สนใจก็ปล่อยเขาไปยังมีนักเรียนที่รอคุณครูสอนอยู่เพราะเขาจ่ายค่าเทอมมาเพื่อที่จะให้คุณสอนเขาได้มีความรู้ส่วนใหญ่อาจารย์ไม่ค้อยเข้าสอนบางทีก็สอนผิดพอหาวิธีแก้ได้แล้วก็ไม่บอกนักเรียนหรือผิดแล้วปล่อยทิ้งเลย,ด้านการเรียนการสอน
มีง่วงๆบ้าง เบื่อหน่อยๆ,ด้านการเรียนการสอน
อาจารย์ที่จ้างมานี่สอนดีกว่าอาจารย์ข้างในอีกนะ,ด้านการเรียนการสอน
สอนไม่รู้เรื่อง,ด้านการเรียนการสอน
สอนไม่รู้เรื่องเลย,ด้านการเรียนการสอน
สอนดีมาก ง่วงเลย,ด้านการเรียนการสอน
ปล่อยให้ได้ใช้ชีวิตบ้าง ขอล้องเลอค่า,ด้านการเรียนการสอน
สอนก็ไม่สอน สั่งอยู่นั่นหล่ะงาน,ด้านการเรียนการสอน
เรียน 2 ชม. สอน 2 นาที,ด้านการเรียนการสอน
สอนเหมือนไม่สอน,ด้านการเรียนการสอน
เบื่อมาก,ด้านการเรียนการสอน
เบื่อเกินไปเป่า,ด้านการเรียนการสอน
เรียนก็ยาก จะบ้าก่อน,ด้านการเรียนการสอน
สอนเหมือนไม่สอน,ด้านการเรียนการสอน
เรียนไม่ดูเรียน โม้กับเพื่อนดีกว่า,ด้านการเรียนการสอน
สอนดีมาก,ด้านการเรียนการสอน
เบื่อมาก สอนไปก็จะหลับไป,ด้านการเรียนการสอน
พยายามเรียนล่ะนะ อาจารย์ก็ดันไม่เข้าสอน เห้อ,ด้านการเรียนการสอน
รับฟังความคิดเห็นเด็กบ้างนะ,ด้านการเรียนการสอน
สอนไม่รู้เรื่องเลย #อาจารย์ใส่แว่นท่านหนึ่ง,ด้านการเรียนการสอน
เพื่อนถ่วงเกิ๊น เรียนช้าไปอี๊ก,ด้านการเรียนการสอน
เพื่อนถ่วงเกิ๊น เรียนช้าไปอี๊,ด้านการเรียนการสอน
สอนไม่รู้เรื่อง ,ด้านการเรียนการสอน
เพื่อนถ่วงเกิ๊น เรียนช้าไปอี๊ก,ด้านการเรียนการสอน
เบื่อมาก สอนไปก็จะหลับไป,ด้านการเรียนการสอน
สอนดีมากครับถ้าตั้งใจเรียน,ด้านการเรียนการสอน
การบ้ารเยอะมาก,ด้านการเรียนการสอน
เรียนห้องเดิมๆเบื่อ,ด้านการเรียนการสอน
สอนดีมากครับ,ด้านการเรียนการสอน
อจ.สอนดีมากๆครับ,ด้านการเรียนการสอน
อาจารย์ฝึกสอนดีมากครับ,ด้านการเรียนการสอน
เรียนสนุกมากครับ​ แต่ไม่รู้เรื่องเลย,ด้านการเรียนการสอน
สอนดีมากครับ​ แต่อุปกรณ์การเรียนดีกว่าครับคอมเร็ว​ ที่สุดดดดดด#132​,ด้านการเรียนการสอน
อาจารย์สอนดีครับ,ด้านการเรียนการสอน
สกิลสอนให้ห้า สกิลปากให้สิบ,ด้านการเรียนการสอน
เบื่อมาก สอนไปก็จะหลับไป,ด้านการเรียนการสอน
เพื่อนชอบชวนคุยเวลาเรียน,ด้านการเรียนการสอน
อาจารย์สอนดี สั่งงานเยอะ ,ด้านการเรียนการสอน
ตอบอยู่คนเดียว เบื่อจริงงง,ด้านการเรียนการสอน
พอใช้ครับ แอบง่วง,ด้านการเรียนการสอน
อาจารย์สอนดีมากกกก,ด้านการเรียนการสอน
ค่อนข้างที่จะหิวครับ,ด้านการเรียนการสอน
สอนดีนะ แต่ลุ่มล่ามไปหน่อย บางทีนักเรียนก็รู้สึกกลัวนะ,ด้านการเรียนการสอน
โครตเบื่อเลย บ้างวิชาแม้งก็ไม่รู้เรื่องเลย,ด้านการเรียนการสอน
อาจารย์แร็พสดให้ฟังหรอครับ,ด้านการเรียนการสอน
เพื่อนสอนดี,ด้านการเรียนการสอน
เพื่อนรอบตัวมีแต่คนดีๆครับ,ด้านการเรียนการสอน
อาจารย์ท่านนึงที่อยู่ๆคิดจะนัดนักเรียนมาก็นัดมากระทันหัน นัด 9 โมง บอกตอน 7 โมง แต่เมื่อวานตกลงกันแล้วว่าบ่ายสาม แล้วใครมันจะไปทัน เอาแต่ใจจริงๆเลยน้าาาา,ด้านการเรียนการสอน
สอนไม่รู้เรื่องสั่งงานก็เยอะปุปปับจะเอานุ่นเอานี่ ,ด้านการเรียนการสอน
ครูบางท่านไม่เห็นใจนักเรียนเรื่องงานที่ค่อนข้างเยอะ บางคนไม่ใส่ใจนักเรียนเลย งานของนักเรียนให้ความยุติธรรม​กับคนที่ส่งเร็วหน่อย ไม่ใช่ส่งช้าก็ได้คะแนนเท่ากัน,ด้านการเรียนการสอน
คำพูดบางคำอย่ามาบอกว่าไม่ได้ตั้งใจไม่ได้นะ ในเมื่อมันกลั่นกรองมาจากตัวคุณ โตๆแล้ว เด็กยังถนอมน้ำใจอาจารย์ แล้วทำไมอาจารย์ไม่ถนอมน้ำใจเด็ก,ด้านการเรียนการสอน
หลับทุกครั้งที่ได้เจอหน้าจาร ,ด้านการเรียนการสอน
สอน 5 นาที ที่เหลือบ่น ,ด้านการเรียนการสอน
อาจารภาษาไทยท่านหนึ่ง พูดไม่รู้เรื่องคับ,ด้านการเรียนการสอน
อาจารย์อย่าคุกคามเด็กมากเลยค่ะ มันไม่น่าดู555,ด้านการเรียนการสอน
อาจารย์หนุมๆสอนดีนะ ไฟแรงดี,ด้านการเรียนการสอน
อาจารย์สอนก็สอนไป ทำไมชอบแตะอั๋งอ่ะ,ด้านการเรียนการสอน
สอนไปหลับไป,ด้านการเรียนการสอน
เข้า 5 นาที เปิด 2-3 สไลด์ปล่อย ตลกล่ะจารย์,ด้านการเรียนการสอน
อาจารย์ก็สอนดี,ด้านการเรียนการสอน
อาจารย์คือบูลลี่ และด่าแรงมากก,ด้านการเรียนการสอน
สอนเข้าใจบ้างไม่ข้าใจบ้างบางทีอันนี้เข้าใจอาจารย์แหละแต่บางทีก็ใสใจนักเรียนบ้างก็ดี ส่วนใหญ่รีบสอนตู๊มเดียวจบสมองเด็กแระมวนผลไม่ทัน ที่สอนตู๊มเดียวเพราะอาจารย์ต้องทำเอกสารเอย ประเมินเอยนี่ก็เลยงงว่าสรุประบบการศึกษาไทยสอบครูมาเป็นพนักงานเดินเอกสารหรอคะหรือยังไงครูก็บางคนก็เลยคิดว่าตัวเองเป็นพนักงานเอกสารแล้วมั่งเมินนักเรียนเลยทีนี้,ด้านการเรียนการสอน
อาจานรย์คนนี้สอนดีมาก แต่ชอบบ่นไปหน่อย,ด้านการเรียนการสอน
อาจารย์เคยสนใจเด็กด้วนหร่อค่ะ,ด้านการเรียนการสอน
อาจารย์สอน AI สอนดีมาก,ด้านการเรียนการสอน
เอาใครมาสอน จบครูมาจริงๆใช่มั้ย 55+,ด้านการเรียนการสอน
อาจารย์สอนดีเกือบทุกคน (แต่บางคนก็เรื่องเยอะเกิน),ด้านการเรียนการสอน
อาจารย์ชอบบ่นกับนักเรียน,ด้านการเรียนการสอน
เบื่อบ้าง สนุกบ้าง,ด้านการเรียนการสอน
อาจารย์สอนเว็บ สอนดีมาก,ด้านการเรียนการสอน
โคตรจะง่วงอะน้องๆ,ด้านการเรียนการสอน
อาจารย์ที่มาสอนเก่งมาก,ด้านการเรียนการสอน
เข้าเรียนทุกคาบ ไม่ทราบสักอย่าง,ด้านการเรียนการสอน
เรียนเยอะมากๆๆๆๆๆๆๆๆๆๆๆๆๆๆๆ,ด้านการเรียนการสอน
การบ้านอย่างยากเลยครับ,ด้านการเรียนการสอน
บางที่ก็สอนไม่รู้เรื่อง,ด้านการเรียนการสอน
อาจารย์ประจำนี่นั่งกินนอนกิน อาจารย์ข้างนอกนี่แบบไฟแรงกว่าอีก,ด้านการเรียนการสอน
อาจารย์บางท่านก็ดี ทักทวงงานตลอด อยากให้นักเรียนส่งงาน แล้วก็จบไปด้วยดี,ด้านการเรียนการสอน
สอนเร็วเกินไป,ด้านการเรียนการสอน
อาจารย์นี่คือมองเหยียดเลยจ้า ก็สอนไม่ดี ก็ไม่มีใครอยากเรียนหรอกนะจ้ะ,ด้านการเรียนการสอน
อาจารย์สอนไม่รู้เรื่อง สอนแปปๆสั่งงาน นศ งงนะครับ,ด้านการเรียนการสอน
ครูสอนอังกฤษสอนดีมาก ชอบ สอนสนุก,ด้านการเรียนการสอน
ครูสอนอังกฤษคนใหม่สอนดีมาก,ด้านการเรียนการสอน
อาจารย์อังกฤษคนใหม่สอนดีมาก ชอบ ,ด้านการเรียนการสอน
ระเบียบเยอะจัด #อาจารย์ตัวขาวชั้น4ท่านหนึ่ง,ด้านการเรียนการสอน
เห็นด้วย,ด้านการเรียนการสอน
เพื่อนบางคนชอบทำงานเอาหน้า,ด้านการเรียนการสอน
ครูสอนอังกฤษสอนดีมาก ชอบ สอนสนุก,ด้านการเรียนการสอน
เบื่อมาก สอนไปก็จะหลับไป,ด้านการเรียนการสอน
เข้าเรียนทุกคาบ ไม่ทราบสักอย่าง,ด้านการเรียนการสอน
เข้า 5 นาที เปิด 2-3 สไลด์ปล่อย ตลกล่ะจารย์,ด้านการเรียนการสอน
อาจารย์คิวสอนอังกฤษ สอนดีมาก เริศสุด อาจารย์คนนี้,ด้านการเรียนการสอน
ครูคิว ที่มาสอนอังกฤษอะ เลิฟนางนะ สอนดีมาก,ด้านการเรียนการสอน
ครูสอนบางคน ใส่อารมณ์กับเด็กเกินไปมั้ย,ด้านการเรียนการสอน
การบ้านอย่างยากเลยครับ,ด้านการเรียนการสอน
เพื่อนถ่วงเกิ๊น เรียนช้าไปอี๊ก,ด้านการเรียนการสอน
อาจารย์ประจำนี่นั่งกินนอนกิน อาจารย์ข้างนอกนี่แบบไฟแรงกว่าอีก,ด้านการเรียนการสอน
อาจารย์ท่านนึงที่อยู่ๆคิดจะนัดนักเรียนมาก็นัดมากระทันหัน นัด 9 โมง บอกตอน 7 โมง แต่เมื่อวานตกลงกันแล้วว่าบ่ายสาม แล้วใครมันจะไปทัน เอาแต่ใจจริงๆเลยน้า,ด้านการเรียนการสอน
สอนดีมากครับ,ด้านการเรียนการสอน
สอนไปหลับไป,ด้านการเรียนการสอน
สอนดีมาก ง่วงเลย,ด้านการเรียนการสอน
บางคนก็สอนดี บางคนก็ไม่ดี ก็พอได้อ่ะ ดีบ้างไม่ดีบ้าง,ด้านการเรียนการสอน
ครูอังกฤษสอนสนุกดีค่ะ,ด้านการเรียนการสอน
สอนแบบนี้ไม่สอนดีกว่าอะ ,ด้านการเรียนการสอน
ครูสอนอังกฤษสอนดีมาก ชอบ สอนสนุก,ด้านการเรียนการสอน
ครูสอนอังกฤษสอนดีมาก,ด้านการเรียนการสอน
สอน 5 นาที ที่เหลือบ่น ,ด้านการเรียนการสอน
ไม่มีคนสอน มีแต่คนบ่น,ด้านการเรียนการสอน
โย่วสอนบ้างเถอเชื่อดิสั่งแต่งาน,ด้านการเรียนการสอน
ครูวิทย์อะ สอนเหมือนไม่สอน,ด้านการเรียนการสอน
#อาจารจ์ท่านหนึ่งที่เอาสไลด์มาสอน ไม่รู้เรื่องเลยจ้า ,ด้านการเรียนการสอน
ไม่รู้ว่าแอร์เย็น อาจารย์สอนช้า หรือเรา ง่วง บางคาบก็เรียนรู้เรื่องบางคาบก็ไม่รู้เรื่อง 5555555,ด้านการเรียนการสอน
สอนไม่เข้าใจเลอ ไปไวมากแม่,ด้านการเรียนการสอน
บอกนักเรียนอย่าแต่งหน้า แต่ครูคนนึงแต่งหน้ามาอย่างกะลิเก,ด้านการเรียนการสอน
ใส่เสื้อคลุมบอกท้อง งงมาก,ด้านการเรียนการสอน
"""มีนักเรียนแบบนี้สถาบันก็เสื่อมเสียได้""  หืมมมมมมมม //ปรายตามองบุคลากร ต้องใส่ not all ไหมอะ บ้งขนาดนั้นจะแยกออกไหม?",ด้านการเรียนการสอน
นักเรียนในคราบกรรมกร,ด้านการเรียนการสอน
อาจารย์ใส่รองเท้าเดินบนอาคารได้ นักเรียนใส่ไม่ได้ เพราะอะไร??,ด้านการเรียนการสอน
เคยโดนเรียกเข้าห้องปกครองเพียงเพราะว่าลืมเอาบัตรนร.ไป เพราะเปลี่ยนกระเป๋าใหม่แล้วลืมหยิบไป แล้วอาจารย์ฝ่ายปกครองท่านหนึ่ง ผช.พูดกับเราว่าลืมบัตรได้ ทำไมไม่ลืมแต่งหน้าบ้าง,ด้านการเรียนการสอน
ฝากถึงปกครองขาวๆด้วยนะจ๊ะ เลิกทำทรง     เจ้าพ่อเซี่ยงไฮ้เซิ่นเจิ้น ได้แล้ว อย่าบ้าอำนาจจนเกินไปอยากจะอยู่แบบเด็กรักเคารพหรือเด็กรวมหัวกันนินทาก็เลือกเอาเองนะจ๊ะ,ด้านการเรียนการสอน
เหมือนนัดเรียนเป็นสนามอารมณ์อะ หงุดหงิดกับเด็กตลอดเวลา คุณพี๊เป็นอะไรมากไหมค๊าาาา,ด้านการเรียนการสอน
ถามหน่อยคัดจีนแล้วได้อะไรนอกจากกูนั่งบ่นตั้งแต่บท2ถึงบท6 ถามว่าจำได้สักตัวมั้ยก็ไม่ค่ะอีดอก ทำเพื่อ เหนื่อยค่ะ สั่งเหมือนวิชาอื่นกูว่างมากอะ,ด้านการเรียนการสอน
เวลามีใครมาเยียมวิลัยอยู่ๆวิลัยก็จะดูดีทุกอย่างยันโดน ผอ กระชับว่าวิลัยเรามีโครงการ ยิ้มใสไหว้สวย หนูขำ5555,ด้านการเรียนการสอน
อาจารย์ชอบพูดกันว่าหลักสูตรใหม่ มันใหม่ตรงไหนครับบอกที สั่งงานแล้วไปนี่คือสอนแล้ว ส่งลิงค์ยูทูปมาให้เรียน อันนี้เรียกสอนเหรอก็ไม่นะ มึงยังมีหน้ามาเก็บเงินค่าเทอมกูเต็มจำนวนอีกเหรอ,ด้านการเรียนการสอน
ตำนานกลางโรงอาหารมั้ยละเห้ออออความคิดป่วยๆเรื่องผม ไม่ควรมีจริงๆ ,ด้านการเรียนการสอน
เรียนวิชานึง บางทีก็สอนธรรมมะบางทีก็เล่าเรื่องแม่ หนักหน่อยเขาก็ร้องไห้ออกมา กูเลิ่กลั่กละควรปลอบดีมั้ย,ด้านการเรียนการสอน
อาจารย์บางท่านก็ดี ทักทวงงานตลอด อยากให้นักเรียนส่งงาน แล้วก็จบไปด้วยดี,ด้านการเรียนการสอน
ให้งานเยอะมากๆแม้เวลาจะใกล้สอบก็ให้ บางครั้งก็มาปุปปัปสอบไม่บอกล่วงหน้า บอกเข้าใจเด็กมีโครงงานงานเยอะแล้วนะแต่ก็ให้การบ้านมาเพิ่มอยู่ดี,ด้านการเรียนการสอน
ยิ่งเรียนยิ่งโง่,ด้านการเรียนการสอน
มีง่วงๆบ้าง เบื่อหน่อยๆ,ด้านการเรียนการสอน
ครูสอนอังกฤษสอนดีมาก ชอบ สอนสนุก,ด้านการเรียนการสอน
เพื่อนช่วยกันทำงานดี ,ด้านการเรียนการสอน
ครูสอนอังกฤษสอนดีมาก,ด้านการเรียนการสอน
สกิลสอนให้ห้า สกิลปากให้สิบ,ด้านการเรียนการสอน
สอนเร็วแล้วเด็กก็ไม่เข้าใจพอสอบไม่ได้ก็โดนด่่า,ด้านการเรียนการสอน
สั่งงาน ทั้งๆที่ไม่สอน,ด้านการเรียนการสอน
ไม่รู้ครับ เรื่อย ๆ,ด้านการเรียนการสอน
เบื่อมาก,ด้านการเรียนการสอน
เรียน 2 ชม. สอน 2 นาที,ด้านการเรียนการสอน
เรียนห้องเดิมๆเบื่อ,ด้านการเรียนการสอน
สอนดีมาก,ด้านการเรียนการสอน
ห้องพิมดีดพ์อะ อยู่สูงไปปะ ขก.เดิน,ด้านการเรียนการสอน
ครูบางคน ยิ่งสอนยิ่งไม่รู้เรื่อง,ด้านการเรียนการสอน
พูดได้ไหมพี่จี้ #อาจารย์ท่านหนึ่ง คือบ่ได้เลอออ สอนไปกระซิบไป เกือบเรียนไม่รู้เรื่อง,ด้านการเรียนการสอน
สั่งงาน ทั้งๆที่ไม่สอน,ด้านการเรียนการสอน
สอนไม่ไปไหน สอนซ้ำวนไปมา สอนน่าเบื่อ,ด้านการเรียนการสอน
เบื่อมาก สอนไปก็จะหลับไป,ด้านการเรียนการสอน
เพื่อนชอบชวนคุยเวลาเรียน,ด้านการเรียนการสอน
อาจารย์สอนดีเกือบทุกคน (แต่บางคนก็เรื่องเยอะเกิน),ด้านการเรียนการสอน
เพื่อนในห้องบางคนก็ไม่เกรงใจกันเลย,ด้านการเรียนการสอน
การบ้านอย่างยากเลยครับ,ด้านการเรียนการสอน
ครูสอนอังกฤษสอนดีมาก ชอบ สอนสนุก,ด้านการเรียนการสอน
สอนดีมากครับ,ด้านการเรียนการสอน
คุณครูบางคนนี่เห็นใจน่ะ สอนดี แต่นักเรียนไม่ตั้งใจเรียน,ด้านการเรียนการสอน
ครูวิทย์อะ สอนเหมือนไม่สอน,ด้านการเรียนการสอน
ครูสอนอังกฤษคนใหม่สอนดีมาก,ด้านการเรียนการสอน
แล้วแต่วิชาและอาจารย์ส่วนมากก็คงเบื่อ อยากถามตัวเองเหมือนกันว่าเรียนไปทำไม?,ด้านการเรียนการสอน
ไม่ได้สอนเลย นึกว่าคาบว่าง,ด้านการเรียนการสอน
โอเคนะ เรียนสนุกดี,ด้านการเรียนการสอน
ห้องน้ำ น้ำไม่ค่อยไหล ที่ฉีดก้นอะ,สิ่งอำนวยความสะดวก
มีคอมพิวเตอร์แรง,สิ่งอำนวยความสะดวก
วินหน้าวิลัย แสตนบายตลอด,สิ่งอำนวยความสะดวก
สะดวกมาเครื่องนี่แบบกากกก,สิ่งอำนวยความสะดวก
ห้องน้ำแย่,สิ่งอำนวยความสะดวก
สะพานทางเชื่อมตึกสามัญกับตึกคอมจะปิดทางเชื่อม เพื่อ ,สิ่งอำนวยความสะดวก
สิ่่งอำนวยความสะดวกครบเลย ห้องพักครูอ่ะครบเลย,สิ่งอำนวยความสะดวก
ทำไมห้องน้ำไม่มีให้มันเยอะกว่านี้,สิ่งอำนวยความสะดวก
ลิฟท์พัง กลอนประตูห้องน้ำเสีย ห้องน้ำสกปรก ตึก7น้ำไม่ไหลบ่อยมาก ,สิ่งอำนวยความสะดวก
สนามบาสนี่คนแน่นเกินไปอ่ะเป่า,สิ่งอำนวยความสะดวก
ก็ดีนะหาซื้อเองเต็มที่ฝึกการคิดเงินไปในตัว,สิ่งอำนวยความสะดวก
กับข้าวไม่เห็นอร่อยเลย อยากออกไปกินข้างนอก,สิ่งอำนวยความสะดวก
ตู้กดน้ำไม่่ยอมกินแบงค์ร้อยบาท,สิ่งอำนวยความสะดวก
ควรซ่อมห้องน้ำให้เพียงพอต่อเด็กผู้หญิง ที่นั่งที่โรงอาหารไม่เพียงพอ,สิ่งอำนวยความสะดวก
เกือบดีแต่ห้องน้ำชายคือหาไม่เห็น,สิ่งอำนวยความสะดวก
ทุกวันนี้เดินไปรอรถมอเตอร์ไซค์จะชนตุย,สิ่งอำนวยความสะดวก
สนามบาสที่เดียวรวมทุกกีฬาเลยอ่ะ งงมาก,สิ่งอำนวยความสะดวก
ตู้กดน้ำใหม่ถือว่าเลิศเลย เป็นจุดถ่ายรูปไปและ,สิ่งอำนวยความสะดวก
ตู้กดน้ำกระจอกไม่กินแบงค์ 100,สิ่งอำนวยความสะดวก
ชิงช้าตรงนั้นสวยดีนะแต่แดดแรงไปหน่อย,สิ่งอำนวยความสะดวก
โรงอาหารดีมาก สาวๆเยอะ,สิ่งอำนวยความสะดวก
ห้องน้ำสกปรก,สิ่งอำนวยความสะดวก
ห้องน้ำ มีแต่บุหรี่,สิ่งอำนวยความสะดวก
ข้าวก็พอได้นะ ไม่ใช่อร่อยนะ แต่เพราะเป็นคนง่ายๆ,สิ่งอำนวยความสะดวก
ดีมั้งยกเว้นห้องน้ำชาย,สิ่งอำนวยความสะดวก
ตู้กดไม่ยอมกินแบงค์100,สิ่งอำนวยความสะดวก
สกปรก ห้องน้ำมีขี้ทุกห้องควรปรับปรุงบ้างนะ ทำให้เหมือนกันทุกๆตึกบ้างสิ,สิ่งอำนวยความสะดวก
ตู้กดน้ำไม่ยอมรับแบงค์ร้อย น่าเศร้าใจจัง,สิ่งอำนวยความสะดวก
ที่จอดรถเมื่อไหร่ทำอ่ะ,สิ่งอำนวยความสะดวก
ห้องน้ำหญิงน้ำก็ไม่ค่อยจะไหล,สิ่งอำนวยความสะดวก
ห้องน้ำมี แต่น้ำไม่มี,สิ่งอำนวยความสะดวก
ชอบตู้กดขนม แต่ลงของเยอะๆได้ไหม,สิ่งอำนวยความสะดวก
สนามบาสเต็มอ่ะ อาจารย์ก็ไม่ให้เล่น,สิ่งอำนวยความสะดวก
ห้องน้ำเหม็น น้ำไม่ไหลบ่อยไปไหนน,สิ่งอำนวยความสะดวก
เรื่องห้องน้ำเมื่อไหร่แก้ น้ำไม่ไหลกี่รอบ อาทิยหนึ่งใช้ได้แค่กี่วัน,สิ่งอำนวยความสะดวก
ห้องน้ำหญิง 4 ห้อง เข้าได้ 2ห้อง บางห้องไฟไม่มี มืดตึ้บ,สิ่งอำนวยความสะดวก
ห้องน้ำตึก7น้ำไม่ไหลบ่อยมากกกก ลิฟต์ก็พัง พัดลมก็ใช้ได้ไม่หมดทุกตัว ,สิ่งอำนวยความสะดวก
ห้องน้ำหญิงเยอะจริงแต่ใช้ไม่ได้น้ำไม่ไหล แถมสกปรก บางห้องประตูก็ไม่ดี,สิ่งอำนวยความสะดวก
โรงอาหารมีที่นั่งไม่พอ,สิ่งอำนวยความสะดวก
ห้องน้ำสกปรกมีแต่ขี้ ,สิ่งอำนวยความสะดวก
ไม่รู้ครับ เรื่อย ๆ,สิ่งอำนวยความสะดวก
อันนี้คือแย่มากๆควรปรับปรุง มีห้องน้ำไม่มีน้ำน้ำจะมีตอนมีผู้ใหญ่มาร.ร. นักเรียนทุกคนก็จ่ายค่าน้ำค่าไฟในใบค่าเทอมตามตึกไม่ค้อยมีไม้กวาด,สิ่งอำนวยความสะดวก
มีตู้กดขนมlotusสะดวกมากๆครับ,สิ่งอำนวยความสะดวก
ทำไมสนามกีฬาไม่ค่อยมีที่เล่นเลย สนามเล็กหรือคนเยอะ?,สิ่งอำนวยความสะดวก
ห้องน้ำน้ำไม่ไหล,สิ่งอำนวยความสะดวก
ห้องน้ำสกปรก ประตูพัง ,สิ่งอำนวยความสะดวก
ตู้กดไม่กินแบงค์ 100,สิ่งอำนวยความสะดวก
เหลื่อมล้ำมากนะที่ให้นักเรียนถอดรองเท้า แต่อาจารย์ใส่อะก็คืองงไม่ไหว,สิ่งอำนวยความสะดวก
ตู้กดน้ำน้ำเปล่ำหมดตลอดด!!,สิ่งอำนวยความสะดวก
มีใช้เหมือนไม่มี,สิ่งอำนวยความสะดวก
ตู้กดน้ำดีจริง คือลือ,สิ่งอำนวยความสะดวก
ห้องน้ำ,สิ่งอำนวยความสะดวก
ห้องน้ำไม่ไหวละนะ555,สิ่งอำนวยความสะดวก
ห้องน้ำ น้ำไม่ไหล แถมน้ำขุ่นอีก,สิ่งอำนวยความสะดวก
ห้องน้ำสกปรก มีแต่บุหรี่,สิ่งอำนวยความสะดวก
ห้องน้ำน้อยคอยนาน,สิ่งอำนวยความสะดวก
เทศาที่นั่งน้อยจัง,สิ่งอำนวยความสะดวก
ห้องน้ำสกปรก มีแต่บุหรี่,สิ่งอำนวยความสะดวก
อะไรคือการมีที่เขี่ยบุหรี่ให้นักเรียนวะ55,สิ่งอำนวยความสะดวก
ตู้กดน้ำดีมาก ไม่ต้องเดินไปไกล ของก็เติมเรื่อยๆ,สิ่งอำนวยความสะดวก
สนามบาสเต็มอ่ะ อาจารย์ก็ไม่ให้เล่น,สิ่งอำนวยความสะดวก
ล้อคกรงบาสเพื่อ เขาจะออกกำลังกาย,สิ่งอำนวยความสะดวก
ห้องน้ำสกปรก มีแต่บุหรี่,สิ่งอำนวยความสะดวก
บาสไม่ให้เล่น แต่มีที่เขี่ยบุหรี่พร้อมบริการ,สิ่งอำนวยความสะดวก
ที่จอดรถเมื่อไหร่ทำอ่ะ,สิ่งอำนวยความสะดวก
ตู้กดน้ำดีมาก ไม่ต้องเดินไปไกล ของก็เติมเรื่อยๆ,สิ่งอำนวยความสะดวก
ตู้กดน้ำดีครับ​ ไม่ต้องเดินไกลแต่ตอนนี้ยังมีแค่ตู้เดียว,สิ่งอำนวยความสะดวก
ที่จอดรถไม่แทบไม่มี,สิ่งอำนวยความสะดวก
ห้องน้ำตึก1ห้องน้ำผู้ชายเน่ามาก,สิ่งอำนวยความสะดวก
ชอบร้านเทศา​ ชอบตู้กดน้ำ,สิ่งอำนวยความสะดวก
มีสะพานเดินข้ามตึกดีมากครับ​ ลิฟก็ดีมากครับ,สิ่งอำนวยความสะดวก
ห้องน้ำดีมากครับ​ ไม่รั่ว​ ก็กดไม่​ลง​ บางทีน้ำก็ไม่ไหล​ ดีตั้งแต่ประตูแล้วครับ​ ประตูยังฝืด​,สิ่งอำนวยความสะดวก
ตู้กดน้ำดีมาก​ ไม่ต้องเดินไกล​ แต่ของหมดก็เดินไกลเหมือนเดิม,สิ่งอำนวยความสะดวก
ที่จอดรถดีมากครับ​ จอดหน้าวิทลัย​ บางทีไม่มีที้จอดก็ไม่ได้จอด,สิ่งอำนวยความสะดวก
ตู้กดน้ำดีมากครับ,สิ่งอำนวยความสะดวก
ห้องน้ำชายตึกคอมอะซ่อมมั่งนะเข้าแต่ละทีจะกดน้ำต้องเอาน้ำใส่ถังมาเติมเอง,สิ่งอำนวยความสะดวก
ตู้กดน้ำดีมาก ไม่ต้องเดินไปไกล,สิ่งอำนวยความสะดวก
"ตู้กดน้ำดีมีความสะดวก , ห้องน้ำไม่สะอาด ห้องน้ำมีสามห้องใช้ได้ห้องเดียว",สิ่งอำนวยความสะดวก
ห้องน้ำใช้ได้จริงๆไม่กี่ห้อง ที่จอดรถต้องเดินไกล,สิ่งอำนวยความสะดวก
ทำที่สูบบุหรี่เลยครับ ห้องน้ำเหม็นมากกก,สิ่งอำนวยความสะดวก
ตู้กดน้ำ ดีมากแสกนได้ด้วย,สิ่งอำนวยความสะดวก
ห้องน้ำเมื่อไหร่จะซ่อม,สิ่งอำนวยความสะดวก
ห้องน้ำนี่คือพรีเมี่ยมอะ ,สิ่งอำนวยความสะดวก
เมื่อไหร่จะมีที่จอดรถอ่ะ รอไรก่อน รอคนมาบริจาคให้หรอ งงมาก,สิ่งอำนวยความสะดวก
เอาที่ทิ้งบุหรี่ออกทำไมก่อน,สิ่งอำนวยความสะดวก
ในตู้น้ำมีแต่ของในสมองมีแต่เธอ,สิ่งอำนวยความสะดวก
ตู้กดขนมของน้อยจัง,สิ่งอำนวยความสะดวก
ห้องน้ำโครตสะอาด โครตอันตราย,สิ่งอำนวยความสะดวก
ห้องน้ำเมื่อไหร่จะซ่อม555,สิ่งอำนวยความสะดวก
ห้องน้ำสกปรก น่ำก็ไม่ไหล  ประตูก็พังตึกคอมอะ,สิ่งอำนวยความสะดวก
ห้องน้ำตึก1ของผู้หญิง น้ำตรงอ่างล้างมือไม่ไหลนานแล้ว ,สิ่งอำนวยความสะดวก
ถามจริงๆนะ ไม่คิดจะสร้างที่จอดรถหรอคะ555,สิ่งอำนวยความสะดวก
อยากให้ทำที่สูบบุหรี่ไปเลยไหนๆก็ห้ามไม่ได้แล้ว,สิ่งอำนวยความสะดวก
ห้องน้ำหญิงตึก1 น้ำไม่ไหลบ่อยมาก,สิ่งอำนวยความสะดวก
สนามบาสอ่ะ ทำแยกออกมาได้ไหม,สิ่งอำนวยความสะดวก
ตู้กดน้ำนี่ล้างบ้างรึเปล่า,สิ่งอำนวยความสะดวก
ก็อกน้ำดื่มนี่สามารถดื่มได้มั้ยอ่ะ ถ้าไม่ได้ก็เอาออกเห้อะ น้ำเบา เปลี่ยนเป้นก็อกธรรมดาพอ,สิ่งอำนวยความสะดวก
ทำไมไม่ให้ยืมอุปกรณ์กีฬาเลย ต้องเอามาเองมันใช่ไหม ทีห้องน้ำนี่เสร่อมีที่เขี่ยบุหรี่,สิ่งอำนวยความสะดวก
ห้องน้ำชายน้อย,สิ่งอำนวยความสะดวก
กับข้าวคือจืด น้ำตกคือน้ำซุปเติมเลือดหมู,สิ่งอำนวยความสะดวก
ห้องน้ำ น้ำไม่ค่อยไหล ประตูก็พัง,สิ่งอำนวยความสะดวก
ไอก้อกน้ำดื่มได้นี่อยากให้ทำนะ ไม่กล้าดื่ม และไม่รุ้ด้วยว่าตอนนี้ยังดื่มได้มั้ยอ่ะ,สิ่งอำนวยความสะดวก
ห้องน้ำบนตึกคือน้ำไหลเบาไม่หวายย บางทีต้องรีบเข้าห้องน้ำห้องอื่นเต็มมีคนพึ่งออกจากห้องน้ำหนึ่งห้องเราก็ต้องรีบเข้าสรุปเข้าแล้วน้ำยังไหลไม่เต็มแท้งค์กดเลยแม่!! บางทีรอเป็นสิบนาทีบางทีน้ำไหลเบอมากจนต้องโทรตามเพื่อนมาเปิดสายยางจากนอกห้องน้าย่อนมาใส่แท้งค์น้ำชักโครก งง งงไปหมดวุ่นวายบ่าไหวเลอะ,สิ่งอำนวยความสะดวก
ห้องน้ำหญิงตึกพิมพ์ดีดสะอาดสุด,สิ่งอำนวยความสะดวก
ตู้กดมีอยู่แค่ตู้เดียวอะนะ ,สิ่งอำนวยความสะดวก
ตู้กดน้ำมีขนมน้อยมาก,สิ่งอำนวยความสะดวก
น่าจะมีเครื่องกรองน้ำแล้วก็ให้กดฟรีนะ,สิ่งอำนวยความสะดวก
ตู้กดน้ำ-ขนม = สะดวก ไม่ต้องเดินไปไกล,สิ่งอำนวยความสะดวก
ที่จอดรถไม่มีความปลอดภัยเลย ,สิ่งอำนวยความสะดวก
ห้องน้ำสกปรก,สิ่งอำนวยความสะดวก
เอางบมาปรับปรุงห้องน้ำก็ดีนะ,สิ่งอำนวยความสะดวก
ส้วมก็กดไม่ลงหุหุ,สิ่งอำนวยความสะดวก
มีตู้กดขนมอาหารและเครื่องดืม,สิ่งอำนวยความสะดวก
มีแต่สนามบาส ไม่มีลูกบาสเลยอ่อนว่ะ,สิ่งอำนวยความสะดวก
ห้องน้ำชายน้อยเกิ้น ,สิ่งอำนวยความสะดวก
ส้วมตึก1ชั้น3ซ่อมได้แล้วนะ,สิ่งอำนวยความสะดวก
มีที่ล้างมือตามจุดต่างๆ,สิ่งอำนวยความสะดวก
กล้องติดทำไมตรงตึกเยอะๆ ติดตรงพวกที่จอดรถ หรือทางเข้า-ออกดิ สมองมีแต่ไม่ใช้,สิ่งอำนวยความสะดวก
ผมชอบตู้กดน้ำใหม่นะ เวลาเล่นกีฬาหรือเรียนตึกคอมตึกพิมพ์ดีดนี่ไม่ต้องเดินไกล,สิ่งอำนวยความสะดวก
มีอุปกรณ์กีฬาให้ยืมเล่น,สิ่งอำนวยความสะดวก
คือห้องน้ำหญิงนี่เป็นอะไร น้ำชอบไม่ไหล ล่ะคือเป็นบ่อยมาก,สิ่งอำนวยความสะดวก
ห้องน้ำชายน้อยมาก มีแต่ห้องน้ำหญิง ขอความเท่าเทียมด้วยครับ เสียเงินเหมือนกัน,สิ่งอำนวยความสะดวก
ห้องน้ำในวิลัยเยอะดี ,สิ่งอำนวยความสะดวก
โต๊ะเทศาสกปรก,สิ่งอำนวยความสะดวก
ตู้กดน้ำดีมาก ไม่ต้องเดินไปไกล,สิ่งอำนวยความสะดวก
โดมเล็กไป แย่งกันใช้,สิ่งอำนวยความสะดวก
ควรปรับปรุง,สิ่งอำนวยความสะดวก
ตู้กด เริศ,สิ่งอำนวยความสะดวก
ห้องน้ำในวิลัยเยอะดี ,สิ่งอำนวยความสะดวก
ตู้กดน้ำดีมาก,สิ่งอำนวยความสะดวก
ที่จอดรถไม่มีความปลอดภัยเลย ,สิ่งอำนวยความสะดวก
ห้องน้ำหญิงตึกพิมพ์ดีดสะอาดสุด,สิ่งอำนวยความสะดวก
น้ำไม่ค่อยไหล ทำยังกับวิลัยขุดน้ำจากบ่อบาดาลมาใช้งั้นอะ,สิ่งอำนวยความสะดวก
ตู้กดน้ำดี,สิ่งอำนวยความสะดวก
เป็นความคิดที่่ดีนะ ที่มีตู้กดน้ำมาอะ,สิ่งอำนวยความสะดวก
ที่จอดรถไม่มีความปลอดภัยเลย ,สิ่งอำนวยความสะดวก
ลิฟต์นี่พังถาวรชะ,สิ่งอำนวยความสะดวก
ห้องน้ำบนตึกคือน้ำไหลเบาไม่ไหว บางทีต้องรีบเข้าห้องน้ำห้องอื่นเต็มมีคนพึ่งออกจากห้องน้ำหนึ่งห้องเราก็ต้องรีบเข้าสรุปเข้าแล้วน้ำยังไหลไม่เต็มแท้งค์กดเลยแม่!! บางทีรอเป็นสิบนาทีบางทีน้ำไหลเบอมากจนต้องโทรตามเพื่อนมาเปิดสายยางจากนอกห้องน้าย่อนมาใส่แท้งค์น้ำชักโครก งง งงไปหมดวุ่นวายบ่าไหวเลอะ,สิ่งอำนวยความสะดวก
ห้องน้ำตึก1ของผู้หญิง น้ำตรงอ่างล้างมือไม่ไหลนานแล้ว ,สิ่งอำนวยความสะดวก
ทำที่สูบบุหรี่เลยครับ ห้องน้ำเหม็นมากกก,สิ่งอำนวยความสะดวก
ไอก้อกน้ำดื่มได้นี่อยากให้ทำนะ ไม่กล้าดื่ม และไม่รุ้ด้วยว่าตอนนี้ยังดื่มได้มั้ยอ่ะ,สิ่งอำนวยความสะดวก
เทศาที่นั่งน้อยจัง,สิ่งอำนวยความสะดวก
ข้าวแมร่งแพง อร่อยก็ไม่อร่อย,สิ่งอำนวยความสะดวก
เดืนเมื่อยอะ แต่ละตึก,สิ่งอำนวยความสะดวก
ตู้กดน้ำ ดีจริง เหมาะมาก,สิ่งอำนวยความสะดวก
ห้องน้ำในวิลัยเยอะดี ,สิ่งอำนวยความสะดวก
โดยรวมก็ดี,สิ่งอำนวยความสะดวก
ห้องน้ำชายน้อย,สิ่งอำนวยความสะดวก
ห้องน้ำมี แต่น้ำไม่มี,สิ่งอำนวยความสะดวก
ห้องน้ำแย่,สิ่งอำนวยความสะดวก
ลิฟท์พัง กลอนประตูห้องน้ำเสีย ห้องน้ำสกปรก ตึก7น้ำไม่ไหลบ่อยมาก ,สิ่งอำนวยความสะดวก
ตู้กดน้ำกระจอกไม่กินแบงค์ 100,สิ่งอำนวยความสะดวก
ห้องน้ำ มีแต่บุหรี่,สิ่งอำนวยความสะดวก
ก็ดีนะหาซื้อเองเต็มที่ฝึกการคิดเงินไปในตัว,สิ่งอำนวยความสะดวก
ลิฟต์นี่ี่รอนานจัดๆ,สิ่งอำนวยความสะดวก
มีแต่โรงอาหารแหละที่ดี,สิ่งอำนวยความสะดวก
คงจะมีแค่ตู้กดน้ำอะ ที่ดี,สิ่งอำนวยความสะดวก
"ตอนนั้นเรากับเพื่อนๆต้องการโน๊ตบุ๊คมาใช้เรียนกันมากๆ เพราะคอมของวิทลัยมันกากมาก เราก็เลยจูงมือกันไปขอกู้กยศ. เขาก็ถามว่ากู้ไปทำอะไรกัน เราเลยตอบไปว่าจะเอาไปซื้อโน๊ตบุ๊ค เขาตอบกลับมาว่า ""ปัญญาอ่อนรึป่าว"" เรากับเพื่อนก็ยืนเอ๋อกันอยู่แปปนึง แล้วก็เดินกลับ5555",สิ่งอำนวยความสะดวก
น่าจะรับป้าแม่บ้านมาเพิ่มนะ เพราะ ตึกก็เยอะรับมาน้อย เขาคงทำเหนื่อยอะ,สิ่งอำนวยความสะดวก
น้ำตก ตรงนั่น มีทำไมอะ งง ,สิ่งอำนวยความสะดวก
ที่จอดรถสรุปโดนวัดยึดไปละหรอ,สิ่งอำนวยความสะดวก
ตู้กดน้ำดีมาก,สิ่งอำนวยความสะดวก
สระตรงนั่น มีไว้ทำไมคะ,สิ่งอำนวยความสะดวก
รถผอ. มีกี่คันแล้วจ้ะ วิทลัยแทบไม่เข้า เอาหน้านี่อย่างไว,สิ่งอำนวยความสะดวก
ไม่มีโน๊ตบุ๊คก็ต้องซื้อนะคะมันจำเป็น จะบังคับให้ซื้อก็ไม่ดูสถานการณ์เลยนะคะ ใครจะไปรวยเหมือนคุณหรอ,สิ่งอำนวยความสะดวก
เมื่อก่อนลิฟต์ก็ดีนะ หลังใช้ไม่ได้ก็ไม่ซ่อม,สิ่งอำนวยความสะดวก
คิดไม่ออกอะเพราะไม่มีไรดี,สิ่งอำนวยความสะดวก
ผมชอบตู้กดน้ำใหม่นะ เวลาเล่นกีฬาหรือเรียนตึกคอมตึกพิมพ์ดีดนี่ไม่ต้องเดินไกล,สิ่งอำนวยความสะดวก
สนามบาสที่เดียวรวมทุกกีฬาเลยอ่ะ งงมาก,สิ่งอำนวยความสะดวก
ห้องน้ำ มีแต่บุหรี่,สิ่งอำนวยความสะดวก
ห้องน้ำสกปรกมีแต่ขี้ ,สิ่งอำนวยความสะดวก
ห้องน้ำในวิลัยเยอะดี ,สิ่งอำนวยความสะดวก
ตุ้กดน้ำดีนะ เด็กซื้อเยอะด้วย,สิ่งอำนวยความสะดวก
ทีวีจอใหญ่ๆ อะ ใช้ได้ไหม เปลืองงบ ,สิ่งอำนวยความสะดวก
"ตู้กดน้ำดีมีความสะดวก , ห้องน้ำไม่สะอาด ห้องน้ำมีสามห้องใช้ได้ห้องเดียว",สิ่งอำนวยความสะดวก
ตู้กดน้ำกระจอกไม่กินแบงค์ 100,สิ่งอำนวยความสะดวก
สนามบาสนี่คนแน่นเกินไปอ่ะเป่า,สิ่งอำนวยความสะดวก
ไม่รู้ครับ เรื่อย ๆ,สิ่งอำนวยความสะดวก
ห้องน้ำสกปรก ประตูพัง ,สิ่งอำนวยความสะดวก
ห้องน้ำไม่ไหวละนะ,สิ่งอำนวยความสะดวก
ตู้กดน้ำดีครับ​ ไม่ต้องเดินไกลแต่ตอนนี้ยังมีแค่ตู้เดียว,สิ่งอำนวยความสะดวก
ดีมากค่ะ,สิ่งอำนวยความสะดวก
ดีแล้ว ที่มีเทศา ไว้นั่งชิว,สิ่งอำนวยความสะดวก
โรงอาหารดี สะอาด,สิ่งอำนวยความสะดวก
เกือบดีแต่ห้องน้ำชายคือหาไม่ค่อยเจอเลย,สิ่งอำนวยความสะดวก
ห้องน้ำสกปรก,สิ่งอำนวยความสะดวก
ห้องน้ำมี แต่น้ำไม่มี,สิ่งอำนวยความสะดวก
ล้อคกรงบาสเพื่อ เขาจะออกกำลังกาย,สิ่งอำนวยความสะดวก
ห้องน้ำใช้ได้จริงๆไม่กี่ห้อง ที่จอดรถต้องเดินไกล,สิ่งอำนวยความสะดวก
ที่จอดรถไม่มีความปลอดภัยเลย ,สิ่งอำนวยความสะดวก
ที่จอดรถอะ ขอเพิ่มเถอะ,สิ่งอำนวยความสะดวก
ห้องน้ำชายน้อยมาก มีแต่ห้องน้ำหญิง ขอความเท่าเทียมด้วยครับ เสียเงินเหมือนกัน,สิ่งอำนวยความสะดวก
ตู้กด เริศ,สิ่งอำนวยความสะดวก
เทศาที่นั่งน้อยจัง,สิ่งอำนวยความสะดวก
ห้องน้ำในวิลัยเยอะดี ,สิ่งอำนวยความสะดวก
ห้องน้ำแย่,สิ่งอำนวยความสะดวก
โต๊ะเทศาสกปรก,สิ่งอำนวยความสะดวก
ตู้กดน้ำไม่ยอมรับแบงค์ร้อย น่าเศร้าใจจัง,สิ่งอำนวยความสะดวก
ตู้กดน้ำใหม่ถือว่าเลิศเลย เป็นจุดถ่ายรูปไปและ,สิ่งอำนวยความสะดวก
ห้องเรียนก็โอเค ,สิ่งอำนวยความสะดวก
มีคอมให้ใช้ แต่ช้าโคตร,ทรัพยากรในการเรียนการสอน
ห้องเรียนเรียนสะอาดน่าเรียน,ทรัพยากรในการเรียนการสอน
คอมแรง โคตรเฟี้ยว,ทรัพยากรในการเรียนการสอน
ทรัพยากรเหมือนจะพร้อมแต่ไม่จ้ะ,ทรัพยากรในการเรียนการสอน
อุปกรณ์ไม่พอใช้,ทรัพยากรในการเรียนการสอน
คอมช้า ค้างเป็นว่าเล่น,ทรัพยากรในการเรียนการสอน
ก็ดีนะตรงอ่างเลี้ยงปลาอ่ะ ส่วนห้องนํ้าไม่ขอพูดถึง,ทรัพยากรในการเรียนการสอน
ก้ได้ซีเรียสนะว่าพวกคอม พวกอะไรจะพอเรียนมั้ย เพราะไม่ค่อยได้เรียน55,ทรัพยากรในการเรียนการสอน
ไม่เพียงพอต่อเด็กในห้อง,ทรัพยากรในการเรียนการสอน
อุปกรณ์การเรียนนี่แทบไม่มี เด็กซื้อเองแทบตลอด,ทรัพยากรในการเรียนการสอน
ก็สะดวกนะนั่งมองสไลค์ไปมา กระพริบตาปริบๆ,ทรัพยากรในการเรียนการสอน
คอมพิวเตอร์นี่แทบจะไม่พอใช้,ทรัพยากรในการเรียนการสอน
แม็กอ่ะหัดซื้อมั่งนะ ต้องพกไปใช้เองตลอด,ทรัพยากรในการเรียนการสอน
ไม่พอกับจำนวนนักเรียน,ทรัพยากรในการเรียนการสอน
ถือว่าเลิศนะ แต่บางห้องลงวินโดว์ใหม่หน่อยก็ดี ไวรัสจะสิงเครื่องตุย,ทรัพยากรในการเรียนการสอน
คอมพิวเตอร์บางเครื่องค่อนข้างช้าเลอ เพื่อนไปกันหมดละอีนี่สู่ขิตตามไม่ทัน,ทรัพยากรในการเรียนการสอน
ก็ได้อยู่ว่าไม่ได้,ทรัพยากรในการเรียนการสอน
จุกยางรองขาเก้าอี้หลุดหายไปไหนหมดดดด,ทรัพยากรในการเรียนการสอน
คอมช้ามาก,ทรัพยากรในการเรียนการสอน
เก้าอี้แบบที่วางแขนข้างขวาอยากทราบว่าคนถนัดซ้ายต้องทำอย่างไรครับ...,ทรัพยากรในการเรียนการสอน
แรมมี 4 ใช้ไป 16 ค้าง,ทรัพยากรในการเรียนการสอน
คอมมะดีเยย,ทรัพยากรในการเรียนการสอน
คอมโคตรแรง แค่เปิดโปรแกรมก็ค้างแล้ว,ทรัพยากรในการเรียนการสอน
คอมบางเครื่องก็ใช้ไม่ได้ แล้วเอามาเพื่อ ทำไมไม่ซ่อม??พอเด็กไม่มีเครื่องก็ว่าเด็กอีก ,ทรัพยากรในการเรียนการสอน
คอมห้อง132ไม่ควรมีเเรมเเค่4 สมองงงงง,ทรัพยากรในการเรียนการสอน
คอมพิวเตอร์ชอบค้าง,ทรัพยากรในการเรียนการสอน
คอมเนี่ยชาติไหนจะเปลีาบนหรอคะ เรียนมากี่ปีก็เหมือนเดิม เน็ตก็ไม่ได้เรื่อง คอมก็ไม่ได่เรื่องแต่แผนกอื่นๆด้คอมใหม่งง,ทรัพยากรในการเรียนการสอน
คอมพิวเตอร์ค้างบ่อยนะ,ทรัพยากรในการเรียนการสอน
คอมพิวเตอร์มีความช้า,ทรัพยากรในการเรียนการสอน
เน็ตวิลัยโครตกาก,ทรัพยากรในการเรียนการสอน
คอมไม่มีให้ใช้,ทรัพยากรในการเรียนการสอน
คอมมีแต่กระจอก,ทรัพยากรในการเรียนการสอน
คอมแรงโคตร,ทรัพยากรในการเรียนการสอน
คอม40 ใช้ได้10,ทรัพยากรในการเรียนการสอน
คอมเหมือนดี แต่ ไวรัสล้อไปแล้วครึ่งหัอง,ทรัพยากรในการเรียนการสอน
คอมเยอะ แต่กาก,ทรัพยากรในการเรียนการสอน
โต๊ะไม่พอกับจำนวนนักเรียนในห้อง,ทรัพยากรในการเรียนการสอน
คอมพิวเตอร์​พอใช้ แต่อินเตอร์​เน็ต​ช้าเกินไป,ทรัพยากรในการเรียนการสอน
อุปกรณ์ให้เรียนมีไม่พอใช้เลย,ทรัพยากรในการเรียนการสอน
คอมก็ใช้งานไม่ได้เน็ตก็ไม่ได้เรื่อง,ทรัพยากรในการเรียนการสอน
คอมแรงโคตร เลยงับ ๆ เปิดแค่ chrome ก็ไม่เหลือเลยครับ,ทรัพยากรในการเรียนการสอน
"โต๊ะเรียนใช้มาหลายปีเหมือนไม่เคยมีการซ่อมแซม,คอมพิวเตอร์ดีๆไม่มีนักเรียนตเองซื้อโน๊ตบุ๊คมาเองทั้งๆค่าเทอมก็จ่ายพ่อแม่ก็ไม่มีเงินที่ตะซื้อต้องมีหนี้เพื่อลูกจะมีของใช้ส่วนเด็กไม่มีจริงไปก็ค้องซ่อมแล้วซ่อมอีก ครูบางคนก็ไม่เข้าใจเด็กจะบอกเด็กว่าตะมาเรียนคอมแล้วไม่มีตังซื้อโน๊ตบุ๊คเอ้าเท่ากับว่าถ้าไม่มีโน้ตบุ๊คก็เรียนคอมไม่ได้สิหลอค่าเทอมค่าบำรุงรักษาก็จ่ายนะ",ทรัพยากรในการเรียนการสอน
ดีเยี่ยมๆ มีทุกอย่าง,ทรัพยากรในการเรียนการสอน
บริหารงบดีมาก อุปกรณ์อัปเกรดตลอดเลย,ทรัพยากรในการเรียนการสอน
คอมช้าเต่ายังเร็วกว่า,ทรัพยากรในการเรียนการสอน
อุปกรณ์​ในการเรียน​ไม่พอใช้,ทรัพยากรในการเรียนการสอน
คอมเหมือนเต่า,ทรัพยากรในการเรียนการสอน
ทรัพยากรก็คือไม่พร้อม คอมฯไม่แรง ลื่นไหลอย่างที่ควรจะเป็น WIFI ช้ามากกกกกก,ทรัพยากรในการเรียนการสอน
โอย โต๊ะนี่ฝุ่นจับเลยจร้า ลิฟต์ก็ค้างบ่อยมากก,ทรัพยากรในการเรียนการสอน
ห้องเรียนไม่พอหรอ,ทรัพยากรในการเรียนการสอน
เก้าอี้ดีมาก หลับสบาย,ทรัพยากรในการเรียนการสอน
คอมแรงมาก,ทรัพยากรในการเรียนการสอน
เน็ตกาก,ทรัพยากรในการเรียนการสอน
โต๊ะเยอะแต่คอมใช้ไม่ได้,ทรัพยากรในการเรียนการสอน
คอมหรือเต่า,ทรัพยากรในการเรียนการสอน
เขียนโค็ตก็ล้าคอมยังช้าอีก,ทรัพยากรในการเรียนการสอน
คอมดีจริง,ทรัพยากรในการเรียนการสอน
คอมแรงโคตร,ทรัพยากรในการเรียนการสอน
จุะทำงานแต่ละที กรดาษเอย อุปกรณ์เอย ออกเองหมด แต่ขยันสั่งนะ,ทรัพยากรในการเรียนการสอน
คอมแรงโคตร,ทรัพยากรในการเรียนการสอน
อุปกรณ์พอใช้10เครื่อง ในห้อง มี 40 คน,ทรัพยากรในการเรียนการสอน
โต๊ะเก้าอี้ คอมพิวเตอร์ ปริ้นเตอร์,ทรัพยากรในการเรียนการสอน
เขีียนโครงงานก็ดูในคอมดิ จะให้ปริ้นมาทำเพื่อ มันเปลืองเงิน ไม่งั้นก็หาให้หน่อยนะ จะปริ้นเยอะๆเลย,ทรัพยากรในการเรียนการสอน
คอมแรงมาก เปิดทีค้างเป็นชั่วโมง,ทรัพยากรในการเรียนการสอน
อุปกรณ์คอมกราฟ แรงๆๆๆมากกๆๆๆ,ทรัพยากรในการเรียนการสอน
คอมแรงโคตร,ทรัพยากรในการเรียนการสอน
คอมห้อง132ช้ามากครับ,ทรัพยากรในการเรียนการสอน
ห้องคอม132คอมช้า,ทรัพยากรในการเรียนการสอน
คอมหรือเต่า​ #132,ทรัพยากรในการเรียนการสอน
คอมห้อง713ดีมากครับ,ทรัพยากรในการเรียนการสอน
คอมห้อง713ใช้งานดีมากครับคอมแรงมาก,ทรัพยากรในการเรียนการสอน
คอมแรงมากครับแรงที่สุดในประเทศ​ #132,ทรัพยากรในการเรียนการสอน
คอมแรงมากครับ​ ใช้งานดี​ ไม่ค้าง​ ก็กระตุก​ #132,ทรัพยากรในการเรียนการสอน
คอมเร็วมากครับชอบๆๆ​ #132,ทรัพยากรในการเรียนการสอน
คอมพิวเตอร์ช้า,ทรัพยากรในการเรียนการสอน
คอมโครตกากเข้า google ยังค้างเลย,ทรัพยากรในการเรียนการสอน
คอมพิวเตอร์แรงอยู่น่า 713อ่ะ แถมลงวินใหม่ตลอด,ทรัพยากรในการเรียนการสอน
คอมพิวเตอร์มีเพียงพอ,ทรัพยากรในการเรียนการสอน
โต๊ะ เก้าอี้ บางตัวพังแล้วแต่ยังไม่เปลี่ยน,ทรัพยากรในการเรียนการสอน
ขอ imac ไว้เรียนหน่อย,ทรัพยากรในการเรียนการสอน
คอมโครตแรง แบบแรงโพด,ทรัพยากรในการเรียนการสอน
คอมช้าโครต(ห้อง132),ทรัพยากรในการเรียนการสอน
เครื่องปริ้นท์นี่คือยืนหนึ่ง,ทรัพยากรในการเรียนการสอน
ก็อย่างว่าทรัพยากรไม่พอต่อเด็ก ใช้ได้บ้างไม่ได้บ้าง,ทรัพยากรในการเรียนการสอน
ห้อง 132 บ้างทีคอมมันช้าไปนะ,ทรัพยากรในการเรียนการสอน
ปลั้กที่นี่ดีมาก ,ทรัพยากรในการเรียนการสอน
คอมไม่ค่อยดี(บางเครื่อง),ทรัพยากรในการเรียนการสอน
คีย์บอดกดโครตมันอะ มันเกินไปป่าวน้อง,ทรัพยากรในการเรียนการสอน
คอมห้องนั้นใช้มากี่ปีแล้วนะ เปลี่ยนได้แล้วมั้ง,ทรัพยากรในการเรียนการสอน
คอมไม่เคยพอใช้ รุ่นเก่าตัวเก่าแต่แผนกอื่นได้คอมใหม่ เด็กเสียค่าเทอมมาเรียนแจ่ได้คุณภาพแย่สัญญาณเน็ตก็แย่,ทรัพยากรในการเรียนการสอน
มีคอมพิวเตอร์แต่ใช้งานเรียนจริงๆไม่ได้เพราะโปรแกรมไม่มี ,ทรัพยากรในการเรียนการสอน
อะไรที่มันซื้อเพิ่มได้ก็ซื้อเถอะค่ะ มาเรียนนะคะ ไม่ได้มานั่งดูเพื่อนทำ,ทรัพยากรในการเรียนการสอน
คอมก็แรงแต่ทำไมมันน้อยจัง,ทรัพยากรในการเรียนการสอน
คอมที่ใช้เรียนคือช้ามาก,ทรัพยากรในการเรียนการสอน
โต๊ะกับเก้าอี้ สกปรกมากบ้างห้อง,ทรัพยากรในการเรียนการสอน
เน็ตอย่างกาก กะโหลกจัดเลย,ทรัพยากรในการเรียนการสอน
คอมน่าจะอัพตามจุดประสงค์นะ ไม่ใช่สเปคเดียวกันใช้ทั้งเขียนโปรแกรม ตัดต่อ ทำเวิร์ด ,ทรัพยากรในการเรียนการสอน
งบควรแบ่งมาทำห้องคอมพิวเตอร์เสียบ้าง,ทรัพยากรในการเรียนการสอน
โต๊ะไม่มีใต้โต๊ะ,ทรัพยากรในการเรียนการสอน
มีห้องคอมอยู่ห้องหนึ่ง ขี้นกนี่เต็มฝ้า มีหล่นใส่เก้าอี้กับโต๊ะด้วยนะ,ทรัพยากรในการเรียนการสอน
คอมพิวเตอรช้า ไวฟายก็ช้า,ทรัพยากรในการเรียนการสอน
เธอ ฉันนี่ออกค่ากระดาษเองตลอด เพราะแบบพกกระดาษ A4 ไง แล้วคืออาจารย์ไม่พร้อมให้นักเรียนอะ เพื่อนก็มาขอฉัน,ทรัพยากรในการเรียนการสอน
คอมพิวเตอร์ห่วยมากนักเรียนเปิดแค่โปรแกรมที่ต้องใช้เรียนยังนานเลยอย่าว่าแต่จะทำงานเถอะนี่ก็สงสัยว่าอาจารย์ก็เป็นผู้มีความรู้นะแต่ทำไมถึงเลือกสั่งซื้ออุปกรณ์แบบนี้มา อะหรือมีเรื่องเงินๆ ทองๆ อะจยางงาย (งบไม่พอแหละม๊างงง เอ๊ะแต่ก็เห็นทำอะไรใหม่ไปเรื่องน๊าา),ทรัพยากรในการเรียนการสอน
บางห้องฝุ่นเยอะมากเหมือนไม่เคยทำความสะอาด,ทรัพยากรในการเรียนการสอน
คอมกากโครตตเอางบประมาณมาลงกับอุปกรณ์การเรียนบ้างนะคะน้ำพุไม่ได้ทำให้นักเรียนมีอุปกรณ์ที่ดีขึ้น,ทรัพยากรในการเรียนการสอน
คอมห้อง 132 โครตช้า ,ทรัพยากรในการเรียนการสอน
นั่งเรียนคู่กะเพื่อน แต่ให้ส่งงานเดี่ยว,ทรัพยากรในการเรียนการสอน
เก้าอี้ที่ห้องเรียนบางตัวควรเปลี่ยนเพราะเก้าอี้โยกได้(ขาเก้าอี้ไม่ดี),ทรัพยากรในการเรียนการสอน
เน็ตวิลัยพอใช้เยอะๆ ก็หมุนอย่างเดียว กากมาก ,ทรัพยากรในการเรียนการสอน
อุปกรพอใช้,ทรัพยากรในการเรียนการสอน
เอางบมาปรับปรุงอินเตอร์เน็ตของวิลัยก็ดีจะดีมาก,ทรัพยากรในการเรียนการสอน
งบอย่างเทพคอมอย่างกาก,ทรัพยากรในการเรียนการสอน
อุปกรณ์พอใช้แต่ค่อนข้างเก่า,ทรัพยากรในการเรียนการสอน
คอมพิวเตอร์ไวรัสแดกทุกเครื่อง,ทรัพยากรในการเรียนการสอน
วายฟายอย่างช้า,ทรัพยากรในการเรียนการสอน
ห้องสมุดมีไว้ทำไมก่อน,ทรัพยากรในการเรียนการสอน
เทคโนโลยีทันสมัย,ทรัพยากรในการเรียนการสอน
ให้ออกค่ากระดาษเพื่อมาให้อ่านเล่มโครงงานตลอดนี่ก็ไม่ไหวนะ,ทรัพยากรในการเรียนการสอน
อาจารย์บางท่านก็ใจดีนะ ยกเครื่องพิมพ์มาจากบ้านเพื่อให้นักเรียนใช้เลย,ทรัพยากรในการเรียนการสอน
โต้ะเก่ามาก,ทรัพยากรในการเรียนการสอน
ไวไฟวิทลัยนี่คือเกินไป ใช้ๆก็หลุด,ทรัพยากรในการเรียนการสอน
เน็ตช้ามากสุดๆ,ทรัพยากรในการเรียนการสอน
คอมเยอะแต่เสียหาย ไม่ต้องแรง ทำงานแล้วชอบค้าง,ทรัพยากรในการเรียนการสอน
โต๊ะโรงอาหารไม่พอนั่ง,ทรัพยากรในการเรียนการสอน
คอมแรงโคตร,ทรัพยากรในการเรียนการสอน
อุปกรณ์ดี,ทรัพยากรในการเรียนการสอน
ควรหางบประมาณมาจัดสรร,ทรัพยากรในการเรียนการสอน
หนังสือมีทำไม ในเมื่อไม่ได้สอน จากหนังสือ,ทรัพยากรในการเรียนการสอน
คอมเยอะแต่เสียดาย ไม่ค่อยแรง ทำงานแล้วชอบค้าง,ทรัพยากรในการเรียนการสอน
โต๊ะตึกสามัญนี้ สมบูรณ์สักโต๊ะมั้ย,ทรัพยากรในการเรียนการสอน
เอางบมาปรับปรุงอินเตอร์เน็ตของวิลัยก็ดีจะดีมาก,ทรัพยากรในการเรียนการสอน
ห้องสมุดมีไว้ทำไมก่อน,ทรัพยากรในการเรียนการสอน
ก็ไม่แย่ และก็ไม่ดี,ทรัพยากรในการเรียนการสอน
ห้องวิทย์อะ เก้านี้ไม่มีความเท่ากันเลย,ทรัพยากรในการเรียนการสอน
ทีวีจอใหญ่ๆ อะ ใช้ได้ไหม เปลืองงบ ,ทรัพยากรในการเรียนการสอน
เธอ ฉันนี่ออกค่ากระดาษเองตลอด เพราะแบบพกกระดาษ A4 ไง แล้วคืออาจารย์ไม่พร้อมให้นักเรียนอะ เพื่อนก็มาขอฉัน,ทรัพยากรในการเรียนการสอน
คอมกาก,ทรัพยากรในการเรียนการสอน
คอมห้อง 132 โครตช้า ,ทรัพยากรในการเรียนการสอน
งบควรแบ่งมาทำห้องคอมพิวเตอร์เสียบ้าง,ทรัพยากรในการเรียนการสอน
คอมเยอะ แต่กาก,ทรัพยากรในการเรียนการสอน
คอมเหมือนดี แต่ ไวรัสล้อไปแล้วครึ่งหัอง,ทรัพยากรในการเรียนการสอน
เขียนโครงงานก็ดูในคอมดิ จะให้ปริ้นมาทำเพื่อ มันเปลืองเงิน ไม่งั้นก็หาให้หน่อยนะ จะปริ้นเยอะๆเลย,ทรัพยากรในการเรียนการสอน
บางอย่างก็มีให้ใช้ บางอย่างก็ต้องซื้อเอง รวมๆก็โอเครป่ะมึง,ทรัพยากรในการเรียนการสอน
โดมแคบ,ทรัพยากรในการเรียนการสอน
คอมกากอะ,ทรัพยากรในการเรียนการสอน
คอมไม่ค่อยโอ ทำงานแล้วชอบค้าง,ทรัพยากรในการเรียนการสอน
คอมไม่ค่อยโอ ทำงานแล้วชอบค้าง,ทรัพยากรในการเรียนการสอน
คอมแรงมาก เปิดทีค้างเป็นชั่วโมง,ทรัพยากรในการเรียนการสอน
คอมพิวเตอร์ค้างบ่อยนะ,ทรัพยากรในการเรียนการสอน
ก็ดีนะตรงอ่างเลี้ยงปลาอ่ะ ส่วนห้องนํ้าไม่ขอพูดถึง,ทรัพยากรในการเรียนการสอน
อุปกรณ์การเรียนนี่แทบไม่มี เด็กซื้อเองแทบตลอด,ทรัพยากรในการเรียนการสอน
จุกยางรองขาเก้าอี้หลุดหายไปไหนหมดดดด,ทรัพยากรในการเรียนการสอน
คอมเนี่ยชาติไหนจะเปลีาบนหรอคะ เรียนมากี่ปีก็เหมือนเดิม เน็ตก็ไม่ได้เรื่อง คอมก็ไม่ได่เรื่องแต่แผนกอื่นๆด้คอมใหม่งง,ทรัพยากรในการเรียนการสอน
แม็กอ่ะหัดซื้อมั่งนะ ต้องพกไปใช้เองตลอด,ทรัพยากรในการเรียนการสอน
โอเครน่ะบางอย่างก็มีให้ แบบกระดาษทำโครงการไรเงี้ยะ,ทรัพยากรในการเรียนการสอน
โต๊ะไม่ไหว สกปรก เก่าด้วย,ทรัพยากรในการเรียนการสอน
แย่ อะไรก็ๆก็เก่าไปหมด คอม โตีะ เก้าอี้ ห้อง สภาพ,ทรัพยากรในการเรียนการสอน
"ตอนนั้นเรากับเพื่อนๆต้องการโน๊ตบุ๊คมาใช้เรียนกันมากๆ เพราะคอมของวิทลัยมันกากมาก เราก็เลยจูงมือกันไปขอกู้กยศ. เขาก็ถามว่ากู้ไปทำอะไรกัน เราเลยตอบไปว่าจะเอาไปซื้อโน๊ตบุ๊ค เขาตอบกลับมาว่า ""ปัญญาอ่อนรึป่าว"" เรากับเพื่อนก็ยืนเอ๋อกันอยู่แปปนึง แล้วก็เดินกลับ5555",ทรัพยากรในการเรียนการสอน
ครูก็เยอะนะ แต่ประสิทธิภาพในการสอนนี่ต่างกันจริงๆ ,ทรัพยากรในการเรียนการสอน
ลิฟต์ซ่อมยังอะ ,ทรัพยากรในการเรียนการสอน
คอมกาก,ทรัพยากรในการเรียนการสอน
ปริ้นเตอร์มีแบบฟรีมั้ยอะ ,ทรัพยากรในการเรียนการสอน
ดีนะ แต่เน็ตแย่อะ,ทรัพยากรในการเรียนการสอน
ตอนพวกกูจ่ายค่าเทอมเร็วอย่างเดอะเเฟรช พอจะจ่ายตังคืนช้ายังกลับสล็อต,ทรัพยากรในการเรียนการสอน
มีใครได้ตังค์2000 ยังค่ะ โรงเรียนอื่นเขาแจกจะครบแล้วมั้งค่ะ วิทลัยนี้เงียบจัง??,ทรัพยากรในการเรียนการสอน
เงินค่าเทอมลดหน่อยๆ ออนไลน์ไปล่ะครึ่งเทอม,ทรัพยากรในการเรียนการสอน
ควรหางบประมาณมาจัดสรร,ทรัพยากรในการเรียนการสอน
วายฟายอย่างช้า,ทรัพยากรในการเรียนการสอน
ห้องเรียนเรียนสะอาดน่าเรียน,ทรัพยากรในการเรียนการสอน
คอมมะดีเยย,ทรัพยากรในการเรียนการสอน
คอมเหมือนเต่า,ทรัพยากรในการเรียนการสอน
คอมไม่ค่อยโอเคเลย ทำงานแล้วชอบค้าง,ทรัพยากรในการเรียนการสอน
ทุกอย่างเลย ห้อง 132 ก็ดี มีเครื่องSmart,ทรัพยากรในการเรียนการสอน
คอมแรงมาก เปิดทีค้างเป็นชั่วโมง,ทรัพยากรในการเรียนการสอน
คอมพิวเตอร์มีเพียงพอ,ทรัพยากรในการเรียนการสอน
แรมมี 4 ใช้ไป 16 ค้าง,ทรัพยากรในการเรียนการสอน
ไม่พอกับจำนวนนักเรียน,ทรัพยากรในการเรียนการสอน
ไม่รู้ครับ เรื่อย ๆ,ทรัพยากรในการเรียนการสอน
คอมแรงมาก,ทรัพยากรในการเรียนการสอน
คอมหรือเต่า,ทรัพยากรในการเรียนการสอน
คอมห้อง713ใช้งานดีมากครับคอมแรงมาก,ทรัพยากรในการเรียนการสอน
อุปกรณ์ไม่ฑอใช้,ทรัพยากรในการเรียนการสอน
713 ดีกว่า 132 ,ทรัพยากรในการเรียนการสอน
เครื่องมือพร้อมใช้งาน,ทรัพยากรในการเรียนการสอน
ถือว่าเลิศนะ แต่บางห้องลงวินโดว์ใหม่หน่อยก็ดี ไวรัสจะสิงเครื่องตุย,ทรัพยากรในการเรียนการสอน
คอมมะดีเยย,ทรัพยากรในการเรียนการสอน
ก็ได้อยู่ว่าไม่ได้,ทรัพยากรในการเรียนการสอน
อุปกรณ์พอใช้10เครื่อง ในห้อง มี 40 คน,ทรัพยากรในการเรียนการสอน
โต๊ะ เก้าอี้ บางตัวพังแล้วแต่ยังไม่เปลี่ยน,ทรัพยากรในการเรียนการสอน
คอมห้อง 132 โครตช้า ,ทรัพยากรในการเรียนการสอน
อุปกรณ์การเรียนก้โอเครอยู่นะเมิง,ทรัพยากรในการเรียนการสอน
คอมเยอะแต่เสียหาย ไม่ต้องแรง ทำงานแล้วชอบค้าง,ทรัพยากรในการเรียนการสอน
อุปกรณ์ดี,ทรัพยากรในการเรียนการสอน
คอมกากอะ,ทรัพยากรในการเรียนการสอน
เอางบมาปรับปรุงอินเตอร์เน็ตของวิลัยก็ดีจะดีมาก,ทรัพยากรในการเรียนการสอน
คอมดีนะ บางห้อง,ทรัพยากรในการเรียนการสอน
คอมเยอะแต่เสียหาย ไม่ต้องแรง ทำงานแล้วชอบค้าง,ทรัพยากรในการเรียนการสอน
เน็ตวิลัยโครตกาก,ทรัพยากรในการเรียนการสอน
คอมไม่มีให้ใช้,ทรัพยากรในการเรียนการสอน
เหมือนอุปกรณ์ไม่พอใช้อะ ,ทรัพยากรในการเรียนการสอน
ก็โอเคดี ,สภาพแวดล้อมภายในและความปลอดภัย
มีน้ำตกเวลาไฟไหม้ก็โดดลงได้,สภาพแวดล้อมภายในและความปลอดภัย
กล้องวงจรปิดนี่ใช้ได้จริงปะ ,สภาพแวดล้อมภายในและความปลอดภัย
ปลอดภัยสไม่ให้ออกแล้วไม่ให้เข้าหยอก,สภาพแวดล้อมภายในและความปลอดภัย
ยามไม่ค่อยให้เข้า ,สภาพแวดล้อมภายในและความปลอดภัย
รถผ่านไปผ่านมาควันดำจัดๆ สูดทีมึนตึบ,สภาพแวดล้อมภายในและความปลอดภัย
ก็ดีนะลิฟต์ไม่ซ่อมก็ปลอดภัยดี เดินเพื่อสุขภาพ,สภาพแวดล้อมภายในและความปลอดภัย
ที่พ่นแอลกอฮอล์ ไม่โดนตัวเลย จับเซนเซอร์ยังไงไม่โดนตัววะ,สภาพแวดล้อมภายในและความปลอดภัย
สภาพแวดล้อมก็ดีนะแต่เอาเงินมาซ่อมห้องน้ำดีกว่า,สภาพแวดล้อมภายในและความปลอดภัย
ห้องน้ำหญิงเยอะนะแต่น้ำไม่ไหล สกปรก บางห้องประตูก็ไม่ดีปิดไม่ค่อยได้ บางห้องชักโครกก็ไม่ดี ลิฟต์​ก็เสียมานานแล้วก็ไม่ซ่อม ,สภาพแวดล้อมภายในและความปลอดภัย
บันไดลื่นดีฝึกการทรงตัว ถ้าไม่แข็งแกร่งก็ตกไป,สภาพแวดล้อมภายในและความปลอดภัย
สภาพแวดล้อมก็ดีเดินไปทางไหนก็เจอแต่ต้นไม้,สภาพแวดล้อมภายในและความปลอดภัย
บันไดลื่นมาก เกือบล้มหัวแตก ห้องน้ำเยอะแต่ใช้ไม่ได้ทุกห้องน้ำไม่ไหล,สภาพแวดล้อมภายในและความปลอดภัย
ความปลอดภัยก็ถือว่าดี สภาพแวดล้อมก็ดีอยู่,สภาพแวดล้อมภายในและความปลอดภัย
ปังมาก 10 10 10,สภาพแวดล้อมภายในและความปลอดภัย
ปห. แก๊งค์สาว ๆ ปากแซ่บมีให้เห็นมากมาย ปลอดภัยแหละถ้าไม่เข้าไปยุ่ง,สภาพแวดล้อมภายในและความปลอดภัย
ห้องน้ำหลังโรงอาหารไม่ทราบว่าเป็นที่สูบบุหรี่ไปแล้วหรอค้าบ มีจานรองก้นบุหรี่ให้ด้วย 5555,สภาพแวดล้อมภายในและความปลอดภัย
กล้องวงจรปิดตรงสนามกีฬาเอาไปไว้ตรงอื่นดีมั้ย มันดูไม่ค่อยปลอดภัยเลยนะ กล้องจะพังหมดนะครับ,สภาพแวดล้อมภายในและความปลอดภัย
อยู่ห้องน้ำเหมืออยู่ดอย,สภาพแวดล้อมภายในและความปลอดภัย
โต๊ะในห้องเรียนเยอะ แต่ฝุ่นจับนะ,สภาพแวดล้อมภายในและความปลอดภัย
กล้องมีแต่พัง,สภาพแวดล้อมภายในและความปลอดภัย
ขี่รถขึ้นทางเท้า ตำรวจจับ ไม่ปลอดภัยเลอ,สภาพแวดล้อมภายในและความปลอดภัย
ร้านเทศาอะเมื่อไหร่จะทำความสะอาดโต๊ะ,สภาพแวดล้อมภายในและความปลอดภัย
กล้องวงจรอย่าไปคาดหวัง คิดละขำ ร้านเทศาอยู่ใต้ต้นอะไรไม่รู้ เวลานั่งรู้สึกเหมือนอยู่ในป่า มีแมลงมากมายบินมาเกาะแถมลูกๆก็หล่นไม่เลิก สภาพ,สภาพแวดล้อมภายในและความปลอดภัย
เทศาควรน่าไปแต่นั่งละไม่สบายทั้งเเมลงทั้งเมล็ดอะไร,สภาพแวดล้อมภายในและความปลอดภัย
กล้องวงจรปิดบางตัวเสียแต่ไม่ซ่อม,สภาพแวดล้อมภายในและความปลอดภัย
ดีรปภ.ดี ,สภาพแวดล้อมภายในและความปลอดภัย
กล้องวงจรปิดมีไปทำไม ในเมื่อมันเสีย หรือใช้ไม่ได้,สภาพแวดล้อมภายในและความปลอดภัย
มียามคอยโบกรถให้ดีมากเลย,สภาพแวดล้อมภายในและความปลอดภัย
มีกล้องวงจรปิดแต่เอาไว้ปิด ไม่เคยได้เปิดเลย,สภาพแวดล้อมภายในและความปลอดภัย
ร้านเทศามีหนอนเยอะ ขนลุก,สภาพแวดล้อมภายในและความปลอดภัย
กล้องวงจรปิด ปลอมมาก มีแต่ใช้ไม่ได้,สภาพแวดล้อมภายในและความปลอดภัย
ร้านเทศาอะเมื่อไหร่จะทำความสะอาดโต๊ะ,สภาพแวดล้อมภายในและความปลอดภัย
บ้างห้อง เหม็นอับ บางคยขยะทั้งนั้น เหยียบพื้นทีนึกว่าไม่ได้ทำความสะอาดเป็นชาติ,สภาพแวดล้อมภายในและความปลอดภัย
ร้านเทศา พัฒนาสูตรน้ำหน่อยได้ไหมคะ ขอเถอะค่ะ ,สภาพแวดล้อมภายในและความปลอดภัย
ยามประตูกลาง มีทำไมอะ งง! ไม่เห็นจะทำอะไรนอกจากคุยกะลุงวินหน้าวิลัย ,สภาพแวดล้อมภายในและความปลอดภัย
ทำน้ำพุทำไมเอาเงินมาซ่อมแซมพวกห้องน้ำดีกว่าอีก,สภาพแวดล้อมภายในและความปลอดภัย
ข้ามถนนเป็นอะไรที่อันตรายมากแต่ดีที่ยามกับวินคอบโบกรถให้ แต่บางทีจอดรถหน้าวิทยาลัย​ก็กลัวหมวกกันน็อก​หายเหมือนกัน,สภาพแวดล้อมภายในและความปลอดภัย
ข้ามถนนแต่ละครั้งหวาดเสียวทุกรอบ,สภาพแวดล้อมภายในและความปลอดภัย
ดีแค่รปภ.,สภาพแวดล้อมภายในและความปลอดภัย
ปลอดภัยมากงับ ๆ,สภาพแวดล้อมภายในและความปลอดภัย
ลุงยามแทบไม่อยู่ป้อมเลยนั้งคุยกับวินหน้าโรงเรียนคนนอกเข้าได้ชิวมากแต่นักเรียนเข้ายากจังถ้าความจริงความปลอดภัยน้อยอยู่ประเด็นของหายแต่ไม่เปิดกล้องให้ร้องเท้าที่พึ่งซื้อมาวันแรกหาหน้าห้องครูบอกให้ตามหาเองงงสิอีกประเด็นเด็กใส่เสื้อกันหนาวว่าท้องงงมากไม่ท้องก็ใส่ได้ไหมเวลาขึ้นรถเมย์มันอันตรายรอรถก็ร้อนห้องเรียนบางห้องก็หนาวมีเด็กเราโดนรวยรามบนรถเมย์ทั้งๆแต่งตัวเรียบร้อยใส่เสื้อกันหนาวคุมกระโปรงยาวก็โดนรวนรามได้พอถึงร.ร.ครูบอกใส่ทำไมเสื้อกันหนาวเด็กเขาใส่ป้องกันแดดและป้องกันพวกแบบนี้เด็กบางคนเขาก็ต้องระวังไม่ใช้เห็นเด็กคนให้ก็บอกท้องทั้งๆเสื้อกันหนาวก็สีขาวไม่ให้ใส่ก็ไม่ว่าแต่ไม่ควรพูดแบบนั้นต่อหน้าเด็กคนอื่นๆเขาเข้าใจผิด,สภาพแวดล้อมภายในและความปลอดภัย
ก็ดีครับ ,สภาพแวดล้อมภายในและความปลอดภัย
โอ้ย จะข้ามถนนแต่ล่ะทียังกับวิ่งผ่านสงคราม,สภาพแวดล้อมภายในและความปลอดภัย
ยามมีไว่ทำไม,สภาพแวดล้อมภายในและความปลอดภัย
ร้านเทศาอะเมื่อไหร่จะทำความสะอาดโต๊ะ,สภาพแวดล้อมภายในและความปลอดภัย
กล้องวงจรปิดสมชื่อ ใช้ไม่ได้,สภาพแวดล้อมภายในและความปลอดภัย
ความปลอดภัยไม่มี โควิดนี้ฉันยังจะรอดมั้ยยย,สภาพแวดล้อมภายในและความปลอดภัย
เด็กโรงเรียนอื่นชอบมาปวนเปี้ยนหน้าวิทลัย ดูเถื่อนอ่ะ,สภาพแวดล้อมภายในและความปลอดภัย
ห้องน้ำเสียบ่อยจัด,สภาพแวดล้อมภายในและความปลอดภัย
เมื่อไหร่จะซ่อมห้องน้ำ,สภาพแวดล้อมภายในและความปลอดภัย
กล้องวงจรปิด,สภาพแวดล้อมภายในและความปลอดภัย
ยามมีีอยู่คนเดียว วิทลัยตั้งกว้าง,สภาพแวดล้อมภายในและความปลอดภัย
ประตูห้องน้ำยิ่ง รูอย่างกว้าง นั่งไประแวงไป,สภาพแวดล้อมภายในและความปลอดภัย
น้ำตกสวยมาก,สภาพแวดล้อมภายในและความปลอดภัย
สะอาดให้หก สกปกให้สิบ,สภาพแวดล้อมภายในและความปลอดภัย
สนามบาสคือดี,สภาพแวดล้อมภายในและความปลอดภัย
วันนี้จะข้ามถนน เกือบโดนชน ดีนะพี่วินเขาโบกรถให้หยุดก่อน,สภาพแวดล้อมภายในและความปลอดภัย
ร้านเทศาอะเมื่อไหร่จะทำความสะอาดโต๊ะ,สภาพแวดล้อมภายในและความปลอดภัย
ชอบสวนใหม่อ่ะ แบบเป็นที่ถ่ายรูป ละก็นั่งชิวด้วย,สภาพแวดล้อมภายในและความปลอดภัย
กล้องวงจรปิดนี่ใช้ได้จริงปะ,สภาพแวดล้อมภายในและความปลอดภัย
ตำรวจเยอะมาก ดูไม่ปลอดภัยเลอ55,สภาพแวดล้อมภายในและความปลอดภัย
ร้านเทศาอะเมื่อไหร่จะทำความสะอาดโต๊ะ,สภาพแวดล้อมภายในและความปลอดภัย
กล้องวงจรปิดนี่ใช้ได้จริงปะ,สภาพแวดล้อมภายในและความปลอดภัย
วินหน้าประตูอยู่ตลอด กลับบ้านปลอดภัย,สภาพแวดล้อมภายในและความปลอดภัย
ชอบร้านเทศา ดูดี แต่โต๊ะนี่เช้ดหน่อยนะ,สภาพแวดล้อมภายในและความปลอดภัย
ห้องน้ำที่ตึก1ห้องน้ำผู้ชายเมื่อไหร่จะทำใหม่,สภาพแวดล้อมภายในและความปลอดภัย
อยากให้ยามมาช่วยโบกรถตอนข้ามถนน​ ข้ามถนนยากรถจะชน​เอา​ รถก็เยอะะ,สภาพแวดล้อมภายในและความปลอดภัย
ร้านเทศามีหิมะตกตลอดเวลาอยากไปนั่งทุกวันเลย,สภาพแวดล้อมภายในและความปลอดภัย
ยามช่วยโบกรถตลอดเลยครับ,สภาพแวดล้อมภายในและความปลอดภัย
ยามช่วยข้ามถนนตลอดครับ,สภาพแวดล้อมภายในและความปลอดภัย
ยามช่วยตลอดเลยครับ​ ช่วยคุยกับวินกลัววินเหงา​ คนข้ามถนนก็สนุกดีครับ​ ได้ลุ้นเมื่อไหร่ยามจะมาช่วยโบกรถ,สภาพแวดล้อมภายในและความปลอดภัย
เทศาคนนั่งเยอะมากครับ​ นั่งเล่นใต้ต้นหิมะแถมคนที่ไปนั่งได้เสื้อลายใหม่​ ได้ล้างหัว​ ได้ล้างกางเกง​ สนุกดีครับ​ ได้เพิ่มกิจกรรมให้คนที่ว่าง,สภาพแวดล้อมภายในและความปลอดภัย
เทศามีหิมะครับ​ ชอบ​ ๆๆๆ​ ชอบมากๆๆชอบจริงๆนะ,สภาพแวดล้อมภายในและความปลอดภัย
กล้องวงจรปิด,สภาพแวดล้อมภายในและความปลอดภัย
วิทลัยเรามีกล้องที่ใช้ได้ด้วยอ่อ,สภาพแวดล้อมภายในและความปลอดภัย
วินหน้าประตูวิทยาลัยดีนะ ช่วยโบกรถ และอำนวยความสะดวกให้กับนักศึกษา,สภาพแวดล้อมภายในและความปลอดภัย
ลุงยามบริการดีมากโบกรถให้,สภาพแวดล้อมภายในและความปลอดภัย
มีลุงยามคอยโบกรถให้ ดีมากๆ ,สภาพแวดล้อมภายในและความปลอดภัย
ทางม้าลายหน้าวิทยาลัยขอสัญญาณไฟข้ามถนน จะดีมากครับ,สภาพแวดล้อมภายในและความปลอดภัย
ปลอดภัยจัดๆ แค่นั้นแหละ,สภาพแวดล้อมภายในและความปลอดภัย
เทศาเช็ดโตะบ่อยๆหน่อย,สภาพแวดล้อมภายในและความปลอดภัย
ปลอดภัยครับ แยกไม่ออกระหว่างวินกับยาม,สภาพแวดล้อมภายในและความปลอดภัย
ทำน้ำตกมาทำไมก่อน นึกว่าจะสร้างอะไรที่มันดีกว่านี้,สภาพแวดล้อมภายในและความปลอดภัย
ร้านเทศาอะเมื่อไหร่จะทำความสะอาดโต๊ะ,สภาพแวดล้อมภายในและความปลอดภัย
ปลอยภัยจัดอะ ไม่เชื่อก็เข้ามาดิ,สภาพแวดล้อมภายในและความปลอดภัย
กล้องวงจรปิดมันติดด้วยอ่อ?,สภาพแวดล้อมภายในและความปลอดภัย
คาปูชิโน่ที่นี่อร่อยมากครับ กินครั้งเดียวพอ,สภาพแวดล้อมภายในและความปลอดภัย
เอางบที่สร้างน้ำตกไปทำอย่างอื่นไม่ดีกว่าหรอ,สภาพแวดล้อมภายในและความปลอดภัย
สกปรกหมด,สภาพแวดล้อมภายในและความปลอดภัย
พัดลมในโรงอาหารตัวที่เหมือนจะหล่นแก้ไขหน่อยค่ะ เห็นแล้วหวาดกลัว,สภาพแวดล้อมภายในและความปลอดภัย
ร้านเทศากวาดใบไม้หน่อยค่าาา,สภาพแวดล้อมภายในและความปลอดภัย
ทำไมไม่ทำสนามบาสแยกมาอีกที่ไปเลย ,สภาพแวดล้อมภายในและความปลอดภัย
วิวตรงเทศาสวยดี,สภาพแวดล้อมภายในและความปลอดภัย
กล้องวงจรปิดนี่ใช้ได้จริงปะ,สภาพแวดล้อมภายในและความปลอดภัย
ทำไมมีคนติดโควิดแต่ยังให้นักเรียนเข้าวิลัย ไม่เสี่ยงไปหรอคะ ต่างคนต่างที่มาน่ากลัวอยู่นะ แล้วตรวจ ATK ให้นักเรียนก่อนเข้าวิลัยรึเปล่า ที่ไหนๆเขาก็ตรวจก่อนเข้านะคะ,สภาพแวดล้อมภายในและความปลอดภัย
นักเรียนชอบออกกกำลังกายนะ แต่สนามไม่พร้อมเลย,สภาพแวดล้อมภายในและความปลอดภัย
พื้นที่โรงอาหารลื่นคราบน้ำมันมากๆ ควรทำความสะอาดบ่อยๆนะ ,สภาพแวดล้อมภายในและความปลอดภัย
กล้องวงจรปิดปิดจริงๆมั้ง,สภาพแวดล้อมภายในและความปลอดภัย
ประตูหน้าอยากให้มีที่พ่นแอลกอลฮอล์ที่ตัวด้วย คนเข้าออกสบายเกินไป ไม่ได้ตรวจกรอง,สภาพแวดล้อมภายในและความปลอดภัย
ร้านเทศาสกแรกเมื่อไหร่จะทำความสะอาดโต๊ะเก้าอีกแทบจะนั่งไม่ได้,สภาพแวดล้อมภายในและความปลอดภัย
คนที่ขี่มอไซค์เข้ามานี่ทำไมแง้นเร็วจัง คนก็เดินอยู่ด่องๆๆ,สภาพแวดล้อมภายในและความปลอดภัย
ที่กั้นโต๊ะโรงอาหารมันดีได้แค่นี้จริงๆ หรอเอาฟีลเจอร์บอร์ดมากั้น!! งง หนูงงจริงๆ อันนี้แล้วยิ่งสถานการณ์โควิดแบบนี้ จามทีเดียวปลิวไปสี่โต๊ะห้าโต๊ะเลยนะคะ เครื่องคัดกรองอุณหภูมิมีก็จริงแต่ไวรัสทุกวันนี้ไม่แสดงอาการก็เยอะอย่าว่าแต่แสกนอุณหภูมิเลยค่า แย่จมูกยังหลบไปหลบมาเลยไปแก้ไขด้วยนะคะ,สภาพแวดล้อมภายในและความปลอดภัย
สวนที่ปลูกใหม่สวยดี,สภาพแวดล้อมภายในและความปลอดภัย
มีความปลอดภัยจริงๆด้วยหร่อ,สภาพแวดล้อมภายในและความปลอดภัย
เลิกเรียนก้มีวินหลายคน ไม่ต้องรอ,สภาพแวดล้อมภายในและความปลอดภัย
ทำไมต้องจอดรถริมฟุตบาท คือไม่มีที่จอดล่ะใช่ม่ะ หมวกกันน็อคนี่คือโดนขโมยง่ายมาก ,สภาพแวดล้อมภายในและความปลอดภัย
อยากให้ลุงยามคอยดูเด็กนักศึกษาข้ามถนน(คอยหยุดรถให้)เพราะถนนหน้าวิลัย คนขับรถเร็วมาก,สภาพแวดล้อมภายในและความปลอดภัย
ตอนเช้ามีอาจาร์ยืมคุมความเรียบร้อยดีมาก,สภาพแวดล้อมภายในและความปลอดภัย
มีความปลอดภัย,สภาพแวดล้อมภายในและความปลอดภัย
ไม่มีความปลอดภัยในการจอดรถ ของหายได้ตลอดเวลา,สภาพแวดล้อมภายในและความปลอดภัย
ร้านเทศา สั่งสอง นั่งสิบ,สภาพแวดล้อมภายในและความปลอดภัย
ห้องน้ำสะอาดมากไม่มีขยะเลย,สภาพแวดล้อมภายในและความปลอดภัย
รอบรั่ววิทยาลัย กลัวตำรวจจับข้างวิทลัย,สภาพแวดล้อมภายในและความปลอดภัย
ที่ตอดไม่พอ จอดห่างกันเกิ้น กลัวโควิดติดรถหรอ,สภาพแวดล้อมภายในและความปลอดภัย
จดอรถบนทางเท้า จะชนกันตาย,สภาพแวดล้อมภายในและความปลอดภัย
บางทีก็ให้คนนอกเข้ามาโดยไม่ดูอะไร,สภาพแวดล้อมภายในและความปลอดภัย
หมวกกันน็อคหาย ขอดูกล้องก็ไม่ได้ บอกกล้องเสีย ดีจริงๆ,สภาพแวดล้อมภายในและความปลอดภัย
ลุงวินดีนะ แกคอยช่วยคนข้ามถนนตลอดเลย หน้ที่ก็ไม่ใช้,สภาพแวดล้อมภายในและความปลอดภัย
อาจารย์ฝ่ายปกครอง,สภาพแวดล้อมภายในและความปลอดภัย
เดินกำลังเดินอยู่ริมฟุตบาทหรือสนามวิบากอ่ะ ขี่รถขึ้นมาไม่เกรงใจกันเลย,สภาพแวดล้อมภายในและความปลอดภัย
อาคารเมื่อไหร่จะเสร็จ ,สภาพแวดล้อมภายในและความปลอดภัย
ปลอดภัย อุ่นใจ,สภาพแวดล้อมภายในและความปลอดภัย
หนอนตรงเทศาเยอะไปหมด,สภาพแวดล้อมภายในและความปลอดภัย
กล้องวงจรปิดนี่ใช้ได้จริงปะ,สภาพแวดล้อมภายในและความปลอดภัย
ร้านเทศาอะเมื่อไหร่จะทำความสะอาดโต๊,สภาพแวดล้อมภายในและความปลอดภัย
ควรจัดให้เป็นระบบมสกกว่านี้,สภาพแวดล้อมภายในและความปลอดภัย
ยามจะอะไรมากมาย ,สภาพแวดล้อมภายในและความปลอดภัย
ปลอดภัย อุ่นใจ,สภาพแวดล้อมภายในและความปลอดภัย
วินหน้าประตูอยู่ตลอด กลับบ้านปลอดภัย,สภาพแวดล้อมภายในและความปลอดภัย
รอบรั่ววิทยาลัย กลัวตำรวจจับข้างวิทลัย,สภาพแวดล้อมภายในและความปลอดภัย
ร้านเทศากวาดใบไม้หน่อยค่าาา,สภาพแวดล้อมภายในและความปลอดภัย
พื้นทางเเดินสกปรก มาก,สภาพแวดล้อมภายในและความปลอดภัย
ลุงวินหน้าวิลัย เป็นมิตรดี,สภาพแวดล้อมภายในและความปลอดภัย
ลุงวินน่ารัก,สภาพแวดล้อมภายในและความปลอดภัย
สวนที่ปลูกใหม่สวยดี,สภาพแวดล้อมภายในและความปลอดภัย
อากาศกับความปลอดภัยรวมๆแล้วก็ดีแหล่ะ,สภาพแวดล้อมภายในและความปลอดภัย
ร้านเทศา สั่งสอง นั่งสิบ,สภาพแวดล้อมภายในและความปลอดภัย
ปลอดภัยครับ แยกไม่ออกระหว่างวินกับยาม,สภาพแวดล้อมภายในและความปลอดภัย
ทางม้าลายหน้าวิทยาลัยขอสัญญาณไฟข้ามถนน จะดีมากครับ,สภาพแวดล้อมภายในและความปลอดภัย
ข้ามถนนเป็นอะไรที่อันตรายมากแต่ดีที่ยามกับวินคอบโบกรถให้ แต่บางทีจอดรถหน้าวิทยาลัย​ก็กลัวหมวกกันน็อก​หายเหมือนกัน,สภาพแวดล้อมภายในและความปลอดภัย
ห้องน้ำที่ตึก1ห้องน้ำผู้ชายเมื่อไหร่จะทำใหม่,สภาพแวดล้อมภายในและความปลอดภัย
ยามไม่มีประโยชน์ เอามานั่งคุยกะวินไง๋,สภาพแวดล้อมภายในและความปลอดภัย
วินน้อยไป รอนาน,สภาพแวดล้อมภายในและความปลอดภัย
ยามหน้าไม่เป็นมิตร,สภาพแวดล้อมภายในและความปลอดภัย
ปลอดภัย,สภาพแวดล้อมภายในและความปลอดภัย
อากาศพอดีน่ะ ต้นมงต้นไม้ก็พอมี,สภาพแวดล้อมภายในและความปลอดภัย
ร้านเทศาอะเมื่อไหร่จะทำความสะอาดโต๊ะ,สภาพแวดล้อมภายในและความปลอดภัย
มีกล้องวงจรปิดแต่เอาไว้ปิด ไม่เคยได้เปิดเลย,สภาพแวดล้อมภายในและความปลอดภัย
ที่พ่นแอลกอฮอล์ ไม่โดนตัวเลย จับเซนเซอร์ยังไงไม่โดนตัววะ,สภาพแวดล้อมภายในและความปลอดภัย
สภาพแวดล้อมก็ดีเดินไปทางไหนก็เจอแต่ต้นไม้,สภาพแวดล้อมภายในและความปลอดภัย
ยามไม่ค่อยให้เข้า ,สภาพแวดล้อมภายในและความปลอดภัย
สภาพแวดล้อมก็ดีเดินไปทางไหนก็เจอแต่ต้นไม้,สภาพแวดล้อมภายในและความปลอดภัย
ความปลอดภัยก็ถือว่าดี สภาพแวดล้อมก็ดีอยู่,สภาพแวดล้อมภายในและความปลอดภัย
ไม่ไหวเลอ จะข้ามถนนแต่ละที,สภาพแวดล้อมภายในและความปลอดภัย
ดีอยู่ = ไม่ดี ทำมาทำไมก่อนน้ำตกอ่ะ,สภาพแวดล้อมภายในและความปลอดภัย
มียามเหมือนไม่มี,สภาพแวดล้อมภายในและความปลอดภัย
ลุงยามก็ดีนะ จะว่าไปอะ,สภาพแวดล้อมภายในและความปลอดภัย
อากาศแก๋วๆ,สภาพแวดล้อมภายในและความปลอดภัย
บ้าอำนาจกันหมด,สภาพแวดล้อมภายในและความปลอดภัย
ดีนะ ดีเลย,สภาพแวดล้อมภายในและความปลอดภัย
ลุงวินโอเคเลย ,สภาพแวดล้อมภายในและความปลอดภัย
ตำรวจหน้าไม่ค่อยเป็นมิตรเลย,สภาพแวดล้อมภายในและความปลอดภัย
วินหน้าประตูอยู่ตลอด กลับบ้านปลอดภัย,สภาพแวดล้อมภายในและความปลอดภัย
เรื่องเสื้อคุม เสื้อสเวตเตอร์ คือใส่เข้าวิทลัยไม่ได้นะคะโดนเรียกออกไปยืนข้างหน้าเเล้วจารย์ตัวขาวๆผช.ก็มายึดเสื้อไป และพูดว่า อยากได้ให้ผู้ปกครองมาเอาคืองง,สภาพแวดล้อมภายในและความปลอดภัย
เรื่องเสื้อคุม เสื้อสเวตเตอร์ คือใส่เข้าวิทลัยไม่ได้นะคะโดนเรียกออกไปยืนข้างหน้าเเล้วจารย์ตัวขาวๆผช.ก็มายึดเสื้อไป และพูดว่า อยากได้ให้ผู้ปกครองมาเอาคืองง,สภาพแวดล้อมภายในและความปลอดภัย
ยามจะอะไรมากมาย ,สภาพแวดล้อมภายในและความปลอดภัย
หมวกกันน็อคหาย ขอดูกล้องก็ไม่ได้ บอกกล้องเสีย ดีจริงๆ,สภาพแวดล้อมภายในและความปลอดภัย
โอ้เคร ทำน้ำตกมา ดูดีขึ้นเยอะ,สภาพแวดล้อมภายในและความปลอดภัย
กล้องมีแต่พัง,สภาพแวดล้อมภายในและความปลอดภัย
ไม่ไหวเลอ ฟุตบาทรถวิ่งไปวิ่งมา,สภาพแวดล้อมภายในและความปลอดภัย
ปลอดภัย อุ่นใจ,สภาพแวดล้อมภายในและความปลอดภัย
วินหน้าวิลัยดีเลย พูดจาดี ,สภาพแวดล้อมภายในและความปลอดภัย
ลุงวินน่ารัก,สภาพแวดล้อมภายในและความปลอดภัย
วิทลัยเรามีกล้องที่ใช้ได้ด้วยอ่อ?,สภาพแวดล้อมภายในและความปลอดภัย
กล้องมีแต่พัง,สภาพแวดล้อมภายในและความปลอดภัย
บันไดลื่นมาก เกือบล้มหัวแตก ห้องน้ำเยอะแต่ใช้ไม่ได้ทุกห้องน้ำไม่ไหล,สภาพแวดล้อมภายในและความปลอดภัย
ไม่รู้ครับ เรื่อย ๆ,สภาพแวดล้อมภายในและความปลอดภัย
กล้องวงจรปิดสมชื่อ ใช้ไม่ได้,สภาพแวดล้อมภายในและความปลอดภัย
น้ำตกสวยมาก,สภาพแวดล้อมภายในและความปลอดภัย
ชอบร้านเทศา ดูดี แต่โต๊ะนี่เช้ดหน่อยนะ,สภาพแวดล้อมภายในและความปลอดภัย
ความปลอดดภัยมีบ้างไหม,สภาพแวดล้อมภายในและความปลอดภัย
กล้องวงตรปิดนี่ ตรงไหนใช้ได้บ้าง,สภาพแวดล้อมภายในและความปลอดภัย
อาจารย์ฝ่ายปกครองปากแซ่บ,สภาพแวดล้อมภายในและความปลอดภัย
ความปลอดภัยก็ถือว่าดี สภาพแวดล้อมก็ดีอยู่,สภาพแวดล้อมภายในและความปลอดภัย
ดีรปภ.ดี ,สภาพแวดล้อมภายในและความปลอดภัย
สภาพแวดล้อมก็ดีนะแต่เอาเงินมาซ่อมห้องน้ำดีกว่า,สภาพแวดล้อมภายในและความปลอดภัย
ชอบสวนใหม่อ่ะ แบบเป็นที่ถ่ายรูป ละก็นั่งชิวด้วย,สภาพแวดล้อมภายในและความปลอดภัย
ทางม้าลายหน้าวิทยาลัยขอสัญญาณไฟข้ามถนน จะดีมากครับ,สภาพแวดล้อมภายในและความปลอดภัย
สวนที่ปลูกใหม่สวยดี,สภาพแวดล้อมภายในและความปลอดภัย
วิทลัยปลอดภัย คนในห้ามเข้า คนนอกห้ามออก5555,สภาพแวดล้อมภายในและความปลอดภัย
ร้านเทศาอะเมื่อไหร่จะทำความสะอาดโต๊,สภาพแวดล้อมภายในและความปลอดภัย
ยามจะอะไรมากมาย ,สภาพแวดล้อมภายในและความปลอดภัย
ปลอดภัย,สภาพแวดล้อมภายในและความปลอดภัย
พื้นทางเเดินสกปรก มาก,สภาพแวดล้อมภายในและความปลอดภัย
ปลอดภัย,สภาพแวดล้อมภายในและความปลอดภัย
ปลอดภัย อุ่นใจ,สภาพแวดล้อมภายในและความปลอดภัย
ร้านเทศามีหนอนเยอะ ขนลุก,สภาพแวดล้อมภายในและความปลอดภัย
ร้านเทศาอะเมื่อไหร่จะทำความสะอาดโต๊ะ,สภาพแวดล้อมภายในและความปลอดภัย
เทศานี่หนอนเยอะจัง,สภาพแวดล้อมภายในและความปลอดภัย